Application_mode,Course,Tuition_fees_up_to_date,Age_at_enrollment,Curricular_units_1st_sem_(enrolled),Curricular_units_1st_sem_(passed),Curricular_units_1st_sem_(grade),Curricular_units_2nd_sem_(enrolled),Curricular_units_2nd_sem_(passed),Curricular_units_2nd_sem_(grade),Output,prediction,p_Dropout,p_Enrolled,p_Graduate
8,2,1,20,0,0,0,0,0,0,Dropout,Dropout,0.6454545454545455,0.0,0.35454545454545455
6,11,0,19,6,6,140,6,6,"1,36667E+16",Graduate,Graduate,0.0,0.0,1.0
1,5,0,19,6,0,0,6,0,0,Dropout,Dropout,1.0,0.0,0.0
8,15,1,20,6,6,"1,34286E+16",6,5,124,Graduate,Graduate,0.0,0.0,1.0
12,3,1,45,6,5,"1,23333E+16",6,6,130,Graduate,Graduate,0.0,0.0,1.0
12,17,1,50,5,5,"1,18571E+16",5,5,115,Graduate,Graduate,0.0,0.0,1.0
1,12,1,18,7,7,133,8,8,14345,Graduate,Graduate,0.0,0.0,1.0
9,11,0,22,5,0,0,5,0,0,Dropout,Dropout,1.0,0.0,0.0
1,10,1,21,6,6,13875,6,6,"1,41429E+16",Graduate,Graduate,0.0,0.0,1.0
1,10,0,18,6,5,114,6,2,135,Dropout,Dropout,1.0,0.0,0.0
1,14,1,18,6,6,"1,23333E+16",6,5,142,Graduate,Graduate,0.0,0.0,1.0
1,12,1,18,8,7,"1,32143E+16",8,7,"1,32143E+16",Graduate,Graduate,0.0,0.0,1.0
1,16,1,19,6,0,0,6,0,0,Dropout,Dropout,1.0,0.0,0.0
17,11,1,21,6,6,"1,05714E+16",6,5,110,Graduate,Graduate,0.0,0.0,1.0
1,6,1,18,5,4,1325,5,5,120,Graduate,Graduate,0.0,0.0,1.0
1,15,1,20,6,5,132,6,0,0,Dropout,Dropout,1.0,0.0,0.0
9,10,1,18,6,1,120,6,2,110,Enrolled,Enrolled,0.0,1.0,0.0
8,12,1,18,7,7,1330625,8,8,14545,Graduate,Graduate,0.0,0.0,1.0
1,8,1,20,5,4,125,5,4,1225,Graduate,Dropout,1.0,0.0,0.0
1,16,1,18,7,6,"1,16667E+16",7,6,135,Enrolled,Enrolled,0.0,1.0,0.0
1,2,1,21,0,0,0,0,0,0,Graduate,Graduate,0.47651006711409394,0.0,0.5234899328859061
9,13,1,20,7,7,114375,8,8,11425,Enrolled,Enrolled,0.0,1.0,0.0
1,12,1,18,8,7,"1,28571E+16",8,7,"1,28571E+16",Graduate,Graduate,0.0,0.0,1.0
1,14,1,19,6,6,13375,6,6,"1,22857E+16",Graduate,Graduate,0.0,0.0,1.0
1,12,1,19,7,6,"1,32967E+16",8,7,"1,41143E+16",Graduate,Graduate,0.0,0.0,1.0
1,10,1,18,6,5,116,6,4,110,Enrolled,Enrolled,0.0,1.0,0.0
8,10,1,21,6,6,11375,6,6,"1,32857E+16",Graduate,Graduate,0.0,0.0,1.0
1,6,1,18,5,5,"1,26667E+16",5,4,130,Enrolled,Enrolled,0.0,1.0,0.0
1,9,1,20,5,5,120,5,5,"1,23333E+16",Graduate,Graduate,0.0,0.0,1.0
8,12,1,19,7,6,"1,29333E+16",7,6,"1,37167E+16",Enrolled,Enrolled,0.0,1.0,0.0
15,4,1,21,6,5,"1,18571E+16",6,5,"1,05714E+16",Enrolled,Enrolled,0.0,1.0,0.0
16,5,1,20,6,6,"1,28333E+16",6,4,134,Graduate,Enrolled,0.0,1.0,0.0
1,9,0,18,5,3,"1,13333E+16",5,2,135,Enrolled,Enrolled,0.0,1.0,0.0
9,3,1,19,6,6,"1,26667E+16",6,6,14375,Graduate,Graduate,0.0,0.0,1.0
1,17,1,34,5,5,124,5,5,"1,34286E+16",Graduate,Graduate,0.0,0.0,1.0
12,1,0,37,7,0,0,7,1,100,Dropout,Dropout,1.0,0.0,0.0
12,7,1,43,5,0,0,5,0,0,Dropout,Dropout,1.0,0.0,0.0
14,9,1,55,5,1,100,5,2,120,Dropout,Dropout,1.0,0.0,0.0
12,17,1,39,5,5,110,5,5,116,Graduate,Graduate,0.0,0.0,1.0
15,8,0,20,6,3,"1,16667E+16",6,3,120,Dropout,Dropout,1.0,0.0,0.0
1,15,1,18,6,4,1275,5,0,0,Dropout,Dropout,1.0,0.0,0.0
1,9,1,22,5,5,148,5,5,158,Graduate,Graduate,0.0,0.0,1.0
1,12,1,22,7,5,13928,8,7,"1,43429E+16",Graduate,Graduate,0.0,0.0,1.0
8,15,0,20,6,4,130,6,5,138,Dropout,Dropout,1.0,0.0,0.0
12,17,1,29,5,0,0,5,0,0,Dropout,Dropout,1.0,0.0,0.0
8,17,1,24,5,2,115,5,3,"1,43333E+16",Enrolled,Enrolled,0.0,1.0,0.0
8,10,1,18,6,6,"1,16667E+16",6,5,132,Graduate,Graduate,0.0,0.0,1.0
8,12,1,22,7,6,"1,35167E+16",8,7,"1,37714E+16",Graduate,Graduate,0.0,0.0,1.0
15,3,1,21,6,6,115,6,6,"1,32857E+16",Graduate,Graduate,0.0,0.0,1.0
1,10,1,19,6,5,"1,23333E+16",6,6,"1,28333E+16",Graduate,Graduate,0.0,0.0,1.0
12,11,1,24,6,6,"1,36667E+16",6,6,"1,41667E+16",Graduate,Graduate,0.0,0.0,1.0
1,12,1,19,8,6,"1,18333E+16",8,6,"1,18333E+16",Enrolled,Enrolled,0.0,1.0,0.0
1,15,1,20,6,4,140,6,3,110,Enrolled,Enrolled,0.0,1.0,0.0
1,8,1,19,5,5,"1,47143E+16",5,5,158,Graduate,Graduate,0.0,0.0,1.0
12,17,1,27,5,5,106,5,5,110,Dropout,Graduate,0.0,0.0,1.0
1,12,1,18,7,7,"1,30444E+16",8,8,13595,Graduate,Graduate,0.0,0.0,1.0
4,11,1,39,6,0,0,6,0,0,Dropout,Dropout,1.0,0.0,0.0
12,8,1,27,6,5,130,11,10,129,Dropout,Dropout,1.0,0.0,0.0
8,12,1,18,8,8,14935,8,8,14935,Graduate,Graduate,0.0,0.0,1.0
1,2,1,18,0,0,0,0,0,0,Enrolled,Enrolled,0.18377458955775774,0.6143321993787901,0.20189321106345218
1,12,1,18,7,6,"1,31333E+16",8,7,"1,22214E+16",Graduate,Graduate,0.0,0.0,1.0
15,10,1,21,6,6,120,6,6,120,Graduate,Graduate,0.0,0.0,1.0
8,2,1,19,0,0,0,0,0,0,Enrolled,Enrolled,0.0,1.0,0.0
8,5,1,19,6,5,114,6,1,100,Enrolled,Enrolled,0.0,1.0,0.0
14,5,1,24,6,0,0,6,0,0,Enrolled,Enrolled,0.0,1.0,0.0
13,12,1,29,7,5,119,8,5,110,Dropout,Dropout,1.0,0.0,0.0
1,2,1,19,0,0,0,0,0,0,Graduate,Dropout,0.5482625482625483,0.0,0.4517374517374517
15,4,1,23,6,6,"1,25714E+16",6,6,"1,24286E+16",Graduate,Graduate,0.0,0.0,1.0
1,9,1,19,5,5,112,5,4,1075,Dropout,Dropout,1.0,0.0,0.0
12,11,1,26,6,6,120,6,5,108,Enrolled,Enrolled,0.0,1.0,0.0
8,9,1,18,5,0,0,5,0,0,Enrolled,Dropout,1.0,0.0,0.0
8,12,1,24,7,7,11975,8,8,1375,Graduate,Graduate,0.0,0.0,1.0
1,2,1,19,0,0,0,0,0,0,Dropout,Dropout,0.5482625482625483,0.0,0.4517374517374517
8,11,1,18,6,3,"1,16667E+16",6,1,120,Dropout,Dropout,1.0,0.0,0.0
1,15,1,18,6,6,"1,23333E+16",6,3,"1,23333E+16",Graduate,Graduate,0.0,0.0,1.0
8,9,1,18,5,3,"1,03333E+16",5,3,"1,08571E+16",Dropout,Enrolled,0.0,1.0,0.0
9,11,1,21,6,4,105,6,1,110,Dropout,Dropout,1.0,0.0,0.0
8,15,1,19,6,6,"1,36667E+16",6,6,"1,33333E+16",Graduate,Graduate,0.0,0.0,1.0
8,12,1,22,7,7,"1,48429E+16",8,8,"1,50556E+16",Graduate,Graduate,0.0,0.0,1.0
12,3,1,33,6,6,120,6,6,"1,16667E+16",Graduate,Graduate,0.0,0.0,1.0
1,16,1,20,6,5,122,6,5,122,Dropout,Dropout,1.0,0.0,0.0
12,17,1,35,1,0,0,5,0,0,Dropout,Dropout,1.0,0.0,0.0
12,4,1,24,12,6,"1,21667E+16",12,10,133,Dropout,Dropout,1.0,0.0,0.0
8,11,1,18,5,5,120,5,3,"1,13333E+16",Enrolled,Enrolled,0.0,1.0,0.0
12,3,1,33,6,6,110,6,5,110,Graduate,Graduate,0.0,0.0,1.0
13,12,1,22,8,7,1308,8,7,1308,Graduate,Graduate,0.0,0.0,1.0
12,14,1,25,5,4,105,5,5,116,Graduate,Graduate,0.0,0.0,1.0
8,5,1,20,6,6,"1,06667E+16",6,5,112,Graduate,Graduate,0.0,0.0,1.0
1,9,1,23,5,4,140,5,5,138,Enrolled,Enrolled,0.0,1.0,0.0
14,7,1,18,5,2,100,5,0,0,Enrolled,Enrolled,0.0,1.0,0.0
12,12,1,24,7,0,0,7,0,0,Dropout,Dropout,1.0,0.0,0.0
8,15,0,21,6,6,140,6,6,135,Graduate,Graduate,0.0,0.0,1.0
6,8,1,26,6,2,120,6,0,0,Dropout,Dropout,1.0,0.0,0.0
12,16,1,39,6,3,"1,26667E+16",6,0,0,Dropout,Dropout,1.0,0.0,0.0
12,3,1,44,8,8,11875,6,6,"1,23333E+16",Graduate,Graduate,0.0,0.0,1.0
6,7,1,19,5,5,140,5,3,1325,Enrolled,Graduate,0.0,0.0,1.0
1,15,1,18,6,6,"1,36667E+16",6,6,"1,33333E+16",Graduate,Graduate,0.0,0.0,1.0
1,12,1,18,7,7,1375,8,8,"1,44778E+15",Graduate,Graduate,0.0,0.0,1.0
1,6,1,19,5,5,142,5,5,138,Enrolled,Graduate,0.0,0.0,1.0
1,12,0,19,7,4,1196,7,0,0,Dropout,Dropout,1.0,0.0,0.0
17,6,1,21,10,8,12875,9,5,134,Dropout,Dropout,1.0,0.0,0.0
1,2,1,20,0,0,0,0,0,0,Graduate,Graduate,0.47651006711409394,0.0,0.5234899328859061
12,3,1,36,6,0,0,6,0,0,Dropout,Dropout,1.0,0.0,0.0
12,4,1,43,18,18,"1,46316E+15",13,13,"1,42308E+15",Graduate,Graduate,0.0,0.0,1.0
9,16,1,19,6,0,0,6,0,0,Dropout,Dropout,1.0,0.0,0.0
16,5,1,20,10,10,130,11,11,"1,22727E+16",Graduate,Graduate,0.0,0.0,1.0
1,10,1,19,6,0,0,6,0,0,Dropout,Dropout,1.0,0.0,0.0
1,6,1,20,6,4,142,6,4,1325,Dropout,Dropout,1.0,0.0,0.0
1,12,1,20,7,6,"1,32667E+16",7,5,123,Dropout,Graduate,0.0,0.0,1.0
8,16,1,20,7,6,"1,16667E+16",7,3,130,Enrolled,Enrolled,0.0,1.0,0.0
1,10,1,18,6,6,"1,38571E+16",6,6,150,Graduate,Graduate,0.0,0.0,1.0
8,9,1,18,5,3,130,5,3,110,Enrolled,Enrolled,0.0,1.0,0.0
1,6,1,19,5,5,134,5,5,128,Graduate,Graduate,0.0,0.0,1.0
1,15,1,18,6,6,"1,26667E+16",6,6,"1,25714E+16",Graduate,Graduate,0.0,0.0,1.0
8,12,1,18,7,6,"1,25167E+16",7,6,"1,25167E+16",Dropout,Dropout,1.0,0.0,0.0
14,12,1,20,7,6,"1,16167E+16",7,7,130,Enrolled,Enrolled,0.0,1.0,0.0
8,10,1,20,6,2,100,6,4,1075,Enrolled,Enrolled,0.0,1.0,0.0
8,9,1,20,5,3,"1,03333E+16",5,3,"1,06667E+16",Enrolled,Enrolled,0.0,1.0,0.0
1,6,1,18,5,5,"1,31429E+16",5,5,114,Graduate,Graduate,0.0,0.0,1.0
1,9,1,18,5,5,126,5,5,140,Graduate,Graduate,0.0,0.0,1.0
8,11,1,21,6,3,110,6,2,110,Dropout,Dropout,1.0,0.0,0.0
1,9,1,19,5,5,108,5,4,1125,Graduate,Graduate,0.0,0.0,1.0
1,2,1,19,0,0,0,0,0,0,Dropout,Dropout,0.5482625482625483,0.0,0.4517374517374517
1,14,1,19,5,5,128,5,5,142,Graduate,Graduate,0.0,0.0,1.0
1,6,1,19,6,6,"1,41667E+16",6,6,122,Graduate,Graduate,0.0,0.0,1.0
8,13,1,19,7,5,121,7,0,0,Dropout,Dropout,1.0,0.0,0.0
15,6,1,20,6,6,"1,41667E+16",6,5,"1,37778E+15",Graduate,Graduate,0.0,0.0,1.0
1,16,1,18,6,5,128,6,5,134,Enrolled,Enrolled,0.0,1.0,0.0
8,10,1,18,6,6,130,6,6,"1,36667E+16",Graduate,Graduate,0.0,0.0,1.0
8,12,1,19,7,7,"1,34671E+16",8,8,"1,50111E+16",Graduate,Graduate,0.0,0.0,1.0
1,12,1,18,7,7,132375,8,7,"1,37429E+16",Dropout,Dropout,1.0,0.0,0.0
8,5,1,18,6,6,"1,23333E+16",6,6,130,Graduate,Graduate,0.0,0.0,1.0
1,9,1,19,5,5,124,5,5,146,Graduate,Graduate,0.0,0.0,1.0
8,12,1,19,7,5,140,7,0,0,Dropout,Dropout,1.0,0.0,0.0
14,10,1,20,9,9,"1,16667E+16",7,7,"1,17143E+16",Graduate,Graduate,0.0,0.0,1.0
1,14,0,19,6,5,120,6,4,125,Dropout,Dropout,1.0,0.0,0.0
8,14,1,20,5,4,122,5,4,115,Graduate,Graduate,0.0,0.0,1.0
1,15,1,18,6,6,"1,48333E+16",6,6,"1,48333E+16",Graduate,Graduate,0.0,0.0,1.0
1,12,1,20,7,5,13188,8,7,"1,28929E+16",Enrolled,Enrolled,0.0,1.0,0.0
9,12,1,18,7,7,17125,8,8,175875,Graduate,Graduate,0.0,0.0,1.0
1,12,1,19,7,6,"1,26667E+16",7,6,"1,26667E+16",Graduate,Graduate,0.0,0.0,1.0
1,15,1,19,6,6,"1,26667E+16",6,5,120,Graduate,Graduate,0.0,0.0,1.0
16,9,0,22,5,0,0,5,0,0,Enrolled,Dropout,1.0,0.0,0.0
1,10,1,19,6,6,"1,13333E+16",6,6,115,Graduate,Graduate,0.0,0.0,1.0
1,12,1,19,7,7,13605,8,8,1233125,Graduate,Graduate,0.0,0.0,1.0
8,16,1,19,6,5,120,6,5,108,Graduate,Graduate,0.0,0.0,1.0
1,11,1,19,5,0,0,5,0,0,Dropout,Dropout,1.0,0.0,0.0
8,11,1,20,6,5,112,6,3,"1,16667E+16",Dropout,Dropout,1.0,0.0,0.0
1,9,1,18,5,5,13375,5,5,"1,41667E+16",Graduate,Graduate,0.0,0.0,1.0
1,12,1,20,7,6,"1,38633E+16",8,7,"1,41786E+16",Graduate,Graduate,0.0,0.0,1.0
1,2,1,18,0,0,0,0,0,0,Enrolled,Enrolled,0.18377458955775774,0.6143321993787901,0.20189321106345218
1,6,1,19,5,5,124,5,5,134,Graduate,Graduate,0.0,0.0,1.0
8,16,1,18,6,3,"1,23333E+16",6,5,"1,08333E+16",Enrolled,Enrolled,0.0,1.0,0.0
1,16,1,18,6,6,"1,33333E+16",6,5,118,Graduate,Graduate,0.0,0.0,1.0
14,16,1,21,6,3,"1,26667E+16",6,3,100,Dropout,Dropout,1.0,0.0,0.0
1,16,1,19,6,6,120,6,4,115,Dropout,Dropout,1.0,0.0,0.0
1,9,1,18,5,5,106,5,5,118,Graduate,Graduate,0.0,0.0,1.0
8,10,1,18,6,6,1225,6,6,"1,18571E+16",Graduate,Graduate,0.0,0.0,1.0
1,10,1,20,6,4,110,6,6,"1,18333E+16",Graduate,Graduate,0.0,0.0,1.0
12,3,1,24,6,5,110,6,5,126,Graduate,Graduate,0.0,0.0,1.0
1,14,1,19,6,6,"1,31667E+16",6,6,130,Dropout,Dropout,1.0,0.0,0.0
1,12,1,18,7,7,"1,28556E+16",8,7,"1,27611E+16",Graduate,Graduate,0.0,0.0,1.0
1,12,1,18,7,7,1491875,8,8,15355,Graduate,Graduate,0.0,0.0,1.0
8,16,1,21,6,4,115,6,3,110,Dropout,Dropout,1.0,0.0,0.0
8,14,1,19,5,5,142,5,5,142,Graduate,Graduate,0.0,0.0,1.0
8,15,1,19,6,6,125,6,6,130,Graduate,Graduate,0.0,0.0,1.0
12,4,1,47,1,0,0,6,0,0,Enrolled,Dropout,1.0,0.0,0.0
8,10,1,19,6,5,"1,16667E+16",6,4,110,Graduate,Graduate,0.0,0.0,1.0
12,12,1,29,8,7,"1,42571E+16",8,7,"1,42571E+16",Graduate,Graduate,0.0,0.0,1.0
14,10,1,21,6,3,120,6,2,"1,13333E+16",Dropout,Enrolled,0.0,1.0,0.0
12,6,1,28,5,4,1125,5,4,105,Enrolled,Enrolled,0.0,1.0,0.0
8,13,1,20,7,7,"1,24571E+16",8,8,135625,Graduate,Graduate,0.0,0.0,1.0
8,12,1,19,7,6,"1,16833E+16",7,6,"1,16833E+16",Graduate,Graduate,0.0,0.0,1.0
13,3,1,26,6,3,"1,16667E+16",6,5,120,Graduate,Graduate,0.0,0.0,1.0
8,11,0,20,6,4,1175,6,6,"1,31667E+16",Dropout,Graduate,0.0,0.0,1.0
1,14,1,18,5,3,"1,16667E+16",5,4,135,Enrolled,Dropout,1.0,0.0,0.0
12,16,1,27,6,5,132,6,5,120,Graduate,Graduate,0.0,0.0,1.0
1,12,1,20,7,4,1195,7,4,1195,Dropout,Enrolled,0.0,1.0,0.0
1,16,1,18,6,5,124,6,5,104,Dropout,Dropout,1.0,0.0,0.0
4,12,1,33,7,6,1435,8,6,"1,45833E+16",Dropout,Enrolled,0.0,1.0,0.0
14,16,1,35,21,21,"1,2619E+15",19,19,"1,27895E+16",Graduate,Graduate,0.0,0.0,1.0
15,17,1,26,6,6,"1,26667E+16",6,6,"1,31667E+16",Enrolled,Enrolled,0.0,1.0,0.0
12,15,0,27,6,5,120,6,0,0,Dropout,Dropout,1.0,0.0,0.0
9,5,0,19,6,6,"1,21667E+16",6,0,0,Dropout,Dropout,1.0,0.0,0.0
8,11,1,20,6,0,0,6,0,0,Dropout,Dropout,1.0,0.0,0.0
9,9,0,20,5,3,100,5,3,"1,05714E+16",Dropout,Dropout,1.0,0.0,0.0
14,10,0,21,10,8,115,6,4,100,Enrolled,Enrolled,0.0,1.0,0.0
8,12,1,18,7,6,1305,7,6,1305,Graduate,Graduate,0.0,0.0,1.0
12,6,1,24,6,2,110,6,0,0,Dropout,Dropout,1.0,0.0,0.0
8,5,1,20,6,6,115,6,6,120,Graduate,Graduate,0.0,0.0,1.0
1,11,1,21,6,6,120,6,6,125,Graduate,Graduate,0.0,0.0,1.0
1,3,1,23,6,2,100,5,1,100,Enrolled,Dropout,1.0,0.0,0.0
12,9,1,24,5,0,0,5,0,0,Dropout,Dropout,1.0,0.0,0.0
16,16,1,21,6,0,0,6,0,0,Dropout,Dropout,1.0,0.0,0.0
1,12,1,18,8,7,"1,22429E+16",8,7,"1,22429E+16",Graduate,Graduate,0.0,0.0,1.0
12,17,1,27,5,0,0,5,0,0,Dropout,Dropout,1.0,0.0,0.0
9,12,1,18,8,8,1293375,8,8,1293375,Graduate,Graduate,0.0,0.0,1.0
4,7,1,35,5,0,0,5,0,0,Dropout,Dropout,1.0,0.0,0.0
1,16,1,18,7,7,"1,25714E+16",7,7,"1,44286E+16",Graduate,Graduate,0.0,0.0,1.0
12,12,1,35,3,3,"1,18167E+16",3,3,"1,13333E+16",Enrolled,Enrolled,0.0,1.0,0.0
1,6,1,19,5,4,1375,5,4,"1,43333E+16",Graduate,Enrolled,0.0,1.0,0.0
1,10,1,20,6,6,"1,11667E+16",6,6,"1,13333E+16",Graduate,Graduate,0.0,0.0,1.0
1,12,1,18,8,7,"1,23243E+16",8,7,"1,23243E+16",Graduate,Graduate,0.0,0.0,1.0
15,10,1,21,6,6,"1,21667E+16",6,6,"1,17143E+16",Graduate,Graduate,0.0,0.0,1.0
8,10,1,18,6,5,"1,11429E+16",6,4,1125,Graduate,Graduate,0.0,0.0,1.0
1,10,1,18,6,4,110,6,4,1075,Graduate,Enrolled,0.0,1.0,0.0
1,12,1,18,8,7,"1,29143E+16",8,7,"1,29143E+16",Graduate,Graduate,0.0,0.0,1.0
1,15,1,18,6,6,"1,38333E+16",6,6,"1,41667E+16",Graduate,Graduate,0.0,0.0,1.0
1,6,1,19,6,6,"1,38571E+16",6,5,134,Graduate,Graduate,0.0,0.0,1.0
12,11,1,36,6,6,"1,37143E+16",6,5,128,Dropout,Dropout,1.0,0.0,0.0
1,12,1,18,8,7,"1,26429E+16",8,7,"1,26429E+16",Graduate,Graduate,0.0,0.0,1.0
1,12,1,18,7,6,"1,29167E+16",7,6,"1,29167E+16",Graduate,Graduate,0.0,0.0,1.0
14,8,1,20,6,6,15625,6,6,"1,58571E+16",Graduate,Graduate,0.0,0.0,1.0
12,17,1,26,5,0,0,5,0,0,Dropout,Dropout,1.0,0.0,0.0
14,15,1,21,6,6,"1,17143E+16",6,6,120,Graduate,Graduate,0.0,0.0,1.0
12,13,1,25,7,6,12125,8,8,133125,Enrolled,Enrolled,0.0,1.0,0.0
9,9,1,19,5,5,116,5,5,116,Graduate,Graduate,0.0,0.0,1.0
12,3,1,24,6,1,100,6,0,0,Dropout,Dropout,1.0,0.0,0.0
12,3,1,27,6,1,100,6,0,0,Dropout,Dropout,1.0,0.0,0.0
8,6,1,21,5,0,0,5,2,135,Dropout,Dropout,1.0,0.0,0.0
1,9,1,18,5,4,130,5,3,"1,23333E+16",Graduate,Enrolled,0.0,1.0,0.0
1,16,1,19,6,6,"1,33333E+16",6,6,145,Graduate,Graduate,0.0,0.0,1.0
1,11,1,18,6,4,1125,6,2,125,Dropout,Dropout,1.0,0.0,0.0
16,12,1,19,7,5,1385,8,7,"1,21929E+15",Graduate,Graduate,0.0,0.0,1.0
9,12,1,19,7,6,"1,37417E+16",8,7,149125,Graduate,Graduate,0.0,0.0,1.0
4,17,1,33,6,6,"1,53333E+16",5,5,158,Graduate,Graduate,0.0,0.0,1.0
4,9,1,45,5,5,110,5,5,138,Graduate,Graduate,0.0,0.0,1.0
1,10,1,20,6,6,120,6,6,"1,28571E+16",Graduate,Graduate,0.0,0.0,1.0
12,14,1,28,5,0,0,5,0,0,Dropout,Dropout,1.0,0.0,0.0
14,12,1,19,8,7,"1,15714E+16",8,7,"1,15714E+16",Graduate,Graduate,0.0,0.0,1.0
1,11,1,18,6,6,"1,28571E+16",6,3,"1,26667E+16",Graduate,Graduate,0.0,0.0,1.0
12,11,1,38,6,0,0,6,0,0,Dropout,Dropout,1.0,0.0,0.0
1,14,1,19,5,5,130,5,5,132,Graduate,Graduate,0.0,0.0,1.0
1,11,1,21,6,5,110,6,5,120,Graduate,Graduate,0.0,0.0,1.0
1,9,1,21,5,3,120,5,1,150,Dropout,Dropout,1.0,0.0,0.0
1,10,1,22,6,5,126,6,6,130,Graduate,Graduate,0.0,0.0,1.0
1,16,1,18,6,5,134,6,6,"1,31667E+16",Graduate,Graduate,0.0,0.0,1.0
8,10,1,18,6,6,"1,13333E+16",6,6,"1,15714E+16",Graduate,Graduate,0.0,0.0,1.0
1,8,0,25,5,4,135,5,4,1425,Dropout,Dropout,1.0,0.0,0.0
12,6,0,24,6,3,1175,6,3,"1,03333E+16",Dropout,Dropout,1.0,0.0,0.0
1,12,1,19,7,6,"1,24714E+16",7,7,114625,Enrolled,Enrolled,0.0,1.0,0.0
7,2,1,24,17,11,"1,29091E+16",13,9,"1,35556E+16",Enrolled,Enrolled,0.0,1.0,0.0
1,9,1,20,5,5,116,5,5,136,Graduate,Graduate,0.0,0.0,1.0
12,9,0,25,5,0,0,5,0,0,Dropout,Dropout,1.0,0.0,0.0
1,9,1,20,10,9,129,10,10,"1,23636E+16",Graduate,Graduate,0.0,0.0,1.0
4,12,1,23,8,8,1322,8,8,1322,Graduate,Graduate,0.0,0.0,1.0
8,12,1,19,8,7,"1,31514E+16",8,7,"1,31514E+16",Graduate,Graduate,0.0,0.0,1.0
15,4,0,29,6,3,1275,6,3,"1,13333E+16",Dropout,Dropout,1.0,0.0,0.0
1,11,1,21,6,6,"1,13333E+16",6,4,1225,Graduate,Graduate,0.0,0.0,1.0
1,14,1,18,6,6,1325,6,5,"1,41429E+16",Graduate,Graduate,0.0,0.0,1.0
1,5,1,19,6,5,124,6,5,124,Enrolled,Enrolled,0.0,1.0,0.0
1,15,1,18,6,6,150,6,6,"1,28333E+16",Dropout,Dropout,1.0,0.0,0.0
1,6,1,19,5,5,144,5,5,130,Graduate,Graduate,0.0,0.0,1.0
1,15,1,18,6,1,110,6,0,0,Enrolled,Enrolled,0.0,1.0,0.0
8,9,1,18,5,5,124,5,5,108,Graduate,Graduate,0.0,0.0,1.0
12,13,0,37,7,1,160,7,0,0,Dropout,Dropout,1.0,0.0,0.0
8,17,1,29,5,5,"1,35714E+16",5,5,"1,23333E+16",Graduate,Graduate,0.0,0.0,1.0
8,5,1,18,6,6,"1,18333E+16",6,6,125,Enrolled,Enrolled,0.0,1.0,0.0
1,10,1,19,6,5,"1,16667E+16",6,5,"1,26667E+16",Graduate,Graduate,0.0,0.0,1.0
14,10,0,22,10,6,"1,18333E+16",7,2,130,Dropout,Dropout,1.0,0.0,0.0
1,11,1,20,6,6,"1,11667E+16",6,5,106,Graduate,Graduate,0.0,0.0,1.0
12,3,1,34,6,0,0,6,0,0,Dropout,Dropout,1.0,0.0,0.0
14,7,0,30,12,8,1175,12,6,"1,21667E+16",Dropout,Dropout,1.0,0.0,0.0
1,10,1,18,6,6,140,6,6,140,Graduate,Graduate,0.0,0.0,1.0
1,10,1,18,6,6,"1,28333E+16",6,6,120,Graduate,Graduate,0.0,0.0,1.0
1,15,1,18,6,4,1225,6,3,"1,16667E+16",Graduate,Graduate,0.0,0.0,1.0
8,12,1,18,8,7,"1,48286E+16",8,7,"1,48286E+16",Graduate,Graduate,0.0,0.0,1.0
1,15,1,19,6,5,114,6,5,128,Graduate,Graduate,0.0,0.0,1.0
1,5,1,19,6,6,130,6,6,125,Graduate,Graduate,0.0,0.0,1.0
1,12,1,18,8,7,"1,36714E+16",8,7,"1,36714E+16",Graduate,Graduate,0.0,0.0,1.0
15,4,1,21,6,6,"1,26667E+16",6,5,128,Graduate,Graduate,0.0,0.0,1.0
1,9,0,20,5,2,100,5,1,130,Dropout,Enrolled,0.0,1.0,0.0
8,9,1,20,5,5,135,5,5,"1,23333E+16",Graduate,Graduate,0.0,0.0,1.0
1,12,1,19,7,7,1267,8,8,1355,Graduate,Graduate,0.0,0.0,1.0
1,10,1,20,6,6,145,6,6,"1,54286E+16",Graduate,Graduate,0.0,0.0,1.0
8,12,1,18,7,7,"1,36857E+16",8,8,153875,Graduate,Graduate,0.0,0.0,1.0
13,16,1,20,6,5,110,6,3,"1,06667E+16",Dropout,Dropout,1.0,0.0,0.0
4,8,0,29,9,7,"1,15556E+16",7,5,132,Dropout,Dropout,1.0,0.0,0.0
1,12,1,18,7,7,"1,37971E+15",8,8,13775,Enrolled,Graduate,0.0,0.0,1.0
1,12,1,20,7,7,1400375,8,7,"1,38129E+16",Graduate,Graduate,0.0,0.0,1.0
7,9,1,22,5,4,120,5,4,114,Graduate,Enrolled,0.0,1.0,0.0
1,3,1,47,6,5,"1,41667E+16",6,6,"1,41667E+16",Graduate,Graduate,0.0,0.0,1.0
16,17,1,31,5,5,140,5,5,138,Graduate,Graduate,0.0,0.0,1.0
1,5,1,21,6,5,138,6,6,"1,28333E+16",Graduate,Graduate,0.0,0.0,1.0
1,3,1,21,6,5,128,6,6,"1,18571E+16",Graduate,Graduate,0.0,0.0,1.0
12,15,1,24,6,6,"1,21667E+16",6,6,"1,38333E+16",Graduate,Graduate,0.0,0.0,1.0
8,5,1,18,6,6,125,6,6,"1,23333E+16",Enrolled,Enrolled,0.0,1.0,0.0
12,3,1,32,6,4,120,6,4,115,Graduate,Graduate,0.0,0.0,1.0
9,3,1,19,6,6,"1,08333E+16",6,6,115,Graduate,Graduate,0.0,0.0,1.0
12,12,1,24,8,8,13385,8,8,13385,Graduate,Graduate,0.0,0.0,1.0
8,6,1,19,6,6,"1,56667E+16",6,6,145,Graduate,Graduate,0.0,0.0,1.0
15,4,1,19,6,6,"1,43333E+16",6,6,"1,38333E+16",Graduate,Graduate,0.0,0.0,1.0
15,4,1,24,6,6,"1,14286E+16",6,5,130,Enrolled,Graduate,0.0,0.0,1.0
8,10,1,18,6,6,"1,16667E+16",6,6,"1,16667E+16",Graduate,Graduate,0.0,0.0,1.0
1,5,1,19,6,5,120,6,2,"1,13333E+16",Dropout,Enrolled,0.0,1.0,0.0
1,12,1,19,8,7,"1,47257E+16",8,7,"1,47257E+16",Graduate,Graduate,0.0,0.0,1.0
8,15,1,18,6,6,"1,41667E+16",6,6,"1,36667E+16",Graduate,Graduate,0.0,0.0,1.0
1,10,1,18,6,6,"1,15714E+16",6,6,"1,23333E+16",Graduate,Graduate,0.0,0.0,1.0
8,13,1,20,7,7,125,8,8,131375,Graduate,Graduate,0.0,0.0,1.0
1,12,1,18,8,8,1286,8,8,1286,Graduate,Graduate,0.0,0.0,1.0
8,14,1,18,6,6,1225,6,6,"1,37143E+16",Graduate,Graduate,0.0,0.0,1.0
1,6,1,21,5,4,120,5,5,122,Graduate,Graduate,0.0,0.0,1.0
1,12,1,18,7,7,"1,51167E+16",8,8,"1,61689E+16",Graduate,Graduate,0.0,0.0,1.0
16,14,0,18,5,2,125,5,4,1025,Dropout,Dropout,1.0,0.0,0.0
8,10,1,19,6,0,0,6,0,0,Dropout,Dropout,1.0,0.0,0.0
1,14,1,19,6,4,110,6,4,110,Enrolled,Graduate,0.0,0.0,1.0
8,14,1,18,6,6,11875,6,4,146,Graduate,Graduate,0.0,0.0,1.0
12,8,1,34,5,1,110,5,0,0,Dropout,Dropout,1.0,0.0,0.0
1,6,1,19,5,5,152,5,5,132,Graduate,Graduate,0.0,0.0,1.0
15,8,0,19,6,5,116,6,2,110,Dropout,Dropout,1.0,0.0,0.0
16,10,1,26,6,6,"1,48333E+16",6,6,"1,51429E+16",Graduate,Graduate,0.0,0.0,1.0
8,16,1,21,6,3,"1,13333E+16",6,3,"1,13333E+16",Dropout,Dropout,1.0,0.0,0.0
8,9,1,18,5,5,112,5,5,118,Graduate,Graduate,0.0,0.0,1.0
8,16,1,20,6,5,134,6,5,"1,36667E+16",Graduate,Graduate,0.0,0.0,1.0
16,9,1,25,5,2,105,5,0,0,Dropout,Dropout,1.0,0.0,0.0
1,9,1,18,5,5,162,5,5,164,Graduate,Graduate,0.0,0.0,1.0
1,12,1,18,7,7,"1,45429E+16",8,8,"1,48818E+15",Graduate,Graduate,0.0,0.0,1.0
1,12,1,19,7,7,"1,36943E+16",8,8,"1,43556E+16",Graduate,Graduate,0.0,0.0,1.0
1,10,1,18,6,6,"1,12857E+16",6,6,"1,18571E+16",Graduate,Graduate,0.0,0.0,1.0
8,12,1,20,7,6,"1,17571E+16",8,6,"1,30833E+16",Enrolled,Enrolled,0.0,1.0,0.0
4,6,0,26,3,0,0,6,0,0,Dropout,Dropout,1.0,0.0,0.0
13,12,1,19,8,7,"1,30586E+16",8,7,"1,30586E+16",Graduate,Graduate,0.0,0.0,1.0
1,12,1,19,7,7,143,8,8,"1,40556E+16",Graduate,Graduate,0.0,0.0,1.0
14,9,1,19,10,5,118,10,8,120,Graduate,Enrolled,0.0,1.0,0.0
3,6,1,19,5,3,"1,03333E+16",5,3,130,Enrolled,Enrolled,0.0,1.0,0.0
1,11,1,18,6,6,"1,05714E+16",6,3,"1,16667E+16",Graduate,Graduate,0.0,0.0,1.0
14,12,1,19,7,6,"1,33333E+16",7,6,"1,33333E+16",Graduate,Graduate,0.0,0.0,1.0
1,10,1,18,6,6,"1,18571E+16",6,5,110,Graduate,Graduate,0.0,0.0,1.0
1,16,1,18,6,5,126,6,5,114,Enrolled,Enrolled,0.0,1.0,0.0
1,6,1,18,5,5,140,5,5,116,Enrolled,Enrolled,0.0,1.0,0.0
1,16,1,18,7,5,120,7,6,"1,26667E+16",Enrolled,Enrolled,0.0,1.0,0.0
15,7,1,26,5,0,0,5,0,0,Dropout,Dropout,1.0,0.0,0.0
1,10,1,20,6,6,120,6,6,130,Graduate,Graduate,0.0,0.0,1.0
1,3,1,19,6,6,"1,26667E+16",6,6,"1,16667E+16",Graduate,Graduate,0.0,0.0,1.0
1,10,1,18,6,6,"1,21667E+16",6,6,"1,36667E+16",Graduate,Graduate,0.0,0.0,1.0
15,10,1,19,6,6,"1,33333E+16",6,6,"1,46667E+16",Graduate,Graduate,0.0,0.0,1.0
4,16,1,40,7,7,150,7,7,"1,45714E+16",Graduate,Graduate,0.0,0.0,1.0
1,12,1,18,8,8,1339125,8,8,1339125,Graduate,Graduate,0.0,0.0,1.0
8,10,1,19,6,5,"1,21667E+16",6,6,"1,24286E+16",Graduate,Graduate,0.0,0.0,1.0
8,8,1,18,5,4,1125,5,4,125,Graduate,Graduate,0.0,0.0,1.0
1,6,1,19,5,4,120,5,3,120,Enrolled,Enrolled,0.0,1.0,0.0
1,2,1,18,0,0,0,0,0,0,Dropout,Enrolled,0.18377458955775774,0.6143321993787901,0.20189321106345218
12,3,1,33,6,6,"1,28333E+16",6,6,"1,28571E+16",Graduate,Graduate,0.0,0.0,1.0
12,4,1,35,6,6,140,6,6,131,Graduate,Graduate,0.0,0.0,1.0
13,9,1,26,5,4,130,5,2,120,Enrolled,Enrolled,0.0,1.0,0.0
1,15,1,18,6,6,135,6,6,125,Graduate,Graduate,0.0,0.0,1.0
14,10,1,36,16,13,"1,06923E+16",13,9,"1,23077E+16",Enrolled,Enrolled,0.0,1.0,0.0
12,17,1,39,5,5,110,5,5,"1,16667E+16",Graduate,Graduate,0.0,0.0,1.0
12,10,1,44,6,6,130,6,6,"1,38333E+16",Graduate,Graduate,0.0,0.0,1.0
1,3,1,20,6,5,120,6,4,1125,Enrolled,Enrolled,0.0,1.0,0.0
1,11,1,24,6,4,126,6,4,115,Dropout,Dropout,1.0,0.0,0.0
14,15,1,20,6,6,"1,36667E+16",6,6,"1,33333E+16",Graduate,Graduate,0.0,0.0,1.0
1,2,0,19,0,0,0,0,0,0,Dropout,Dropout,1.0,0.0,0.0
1,12,1,18,7,6,142,7,6,142,Graduate,Graduate,0.0,0.0,1.0
1,11,0,22,6,5,110,6,0,0,Dropout,Dropout,1.0,0.0,0.0
8,6,1,18,6,6,150,6,6,"1,64286E+16",Graduate,Graduate,0.0,0.0,1.0
12,12,1,24,7,6,"1,25857E+16",8,7,"1,34429E+15",Graduate,Graduate,0.0,0.0,1.0
12,17,1,33,5,0,0,5,0,0,Dropout,Dropout,1.0,0.0,0.0
12,4,1,30,6,0,0,6,0,0,Enrolled,Enrolled,0.0,1.0,0.0
12,6,1,26,6,0,0,6,0,0,Dropout,Dropout,1.0,0.0,0.0
8,16,1,18,6,6,"1,16667E+16",6,6,"1,18333E+16",Graduate,Graduate,0.0,0.0,1.0
1,15,1,19,6,3,"1,26667E+16",6,2,100,Dropout,Dropout,1.0,0.0,0.0
8,9,1,20,5,3,"1,03333E+16",5,4,110,Enrolled,Enrolled,0.0,1.0,0.0
17,6,1,22,11,8,135,9,7,"1,37143E+16",Graduate,Graduate,0.0,0.0,1.0
1,12,1,19,7,5,1398,7,5,1398,Enrolled,Enrolled,0.0,1.0,0.0
1,6,1,21,6,6,"1,61538E+16",6,6,1575,Graduate,Graduate,0.0,0.0,1.0
1,12,1,21,7,6,"1,40333E+16",7,6,"1,40333E+16",Graduate,Graduate,0.0,0.0,1.0
8,6,1,19,5,1,110,5,5,112,Enrolled,Enrolled,0.0,1.0,0.0
1,16,1,19,7,7,"1,38571E+16",7,6,"1,36667E+16",Graduate,Graduate,0.0,0.0,1.0
1,12,1,18,8,7,"1,34143E+16",8,7,"1,34143E+16",Dropout,Graduate,0.0,0.0,1.0
14,3,1,50,11,11,"1,35455E+16",7,7,"1,35714E+16",Graduate,Graduate,0.0,0.0,1.0
12,17,1,31,5,4,1125,5,4,"1,08333E+16",Enrolled,Enrolled,0.0,1.0,0.0
8,15,1,19,6,6,"1,38333E+16",6,6,"1,44286E+16",Graduate,Graduate,0.0,0.0,1.0
12,17,1,35,5,5,120,5,5,"1,28571E+16",Graduate,Graduate,0.0,0.0,1.0
12,6,1,31,6,0,0,6,0,0,Dropout,Dropout,1.0,0.0,0.0
16,3,1,42,11,10,119,11,10,128,Enrolled,Enrolled,0.0,1.0,0.0
9,9,0,34,5,0,0,5,0,0,Dropout,Dropout,1.0,0.0,0.0
1,12,1,18,7,7,"1,51357E+16",8,8,"1,52875E+16",Graduate,Graduate,0.0,0.0,1.0
8,16,0,18,7,7,"1,22857E+16",7,6,"1,33333E+16",Enrolled,Enrolled,0.0,1.0,0.0
15,6,1,21,6,5,"1,26667E+16",6,2,135,Enrolled,Enrolled,0.0,1.0,0.0
12,12,1,26,7,5,1274,8,6,"1,09786E+16",Dropout,Enrolled,0.0,1.0,0.0
14,12,1,20,7,6,1325,8,8,1375,Enrolled,Enrolled,0.0,1.0,0.0
1,10,1,19,6,3,"1,03333E+16",6,3,"1,03333E+16",Enrolled,Enrolled,0.0,1.0,0.0
1,16,1,19,6,6,"1,34286E+16",6,6,"1,31667E+16",Graduate,Graduate,0.0,0.0,1.0
17,9,1,20,11,9,"1,25556E+16",9,8,"1,11111E+15",Graduate,Graduate,0.0,0.0,1.0
1,10,1,19,6,6,115,6,6,"1,11667E+16",Graduate,Graduate,0.0,0.0,1.0
1,16,1,18,6,6,"1,36667E+16",6,6,"1,23333E+16",Graduate,Graduate,0.0,0.0,1.0
12,17,1,28,14,11,"1,12727E+16",11,10,120,Graduate,Enrolled,0.0,1.0,0.0
8,16,1,22,6,5,"1,31667E+16",6,5,124,Enrolled,Enrolled,0.0,1.0,0.0
15,3,1,21,6,6,"1,46667E+16",6,6,"1,41667E+16",Graduate,Graduate,0.0,0.0,1.0
15,6,1,21,6,4,1275,6,1,110,Enrolled,Enrolled,0.0,1.0,0.0
12,12,1,26,7,5,112,8,5,1214,Enrolled,Enrolled,0.0,1.0,0.0
1,15,0,18,6,5,130,6,5,114,Dropout,Dropout,1.0,0.0,0.0
8,6,0,20,5,2,105,5,2,"1,23333E+16",Dropout,Dropout,1.0,0.0,0.0
8,6,1,18,6,6,"1,48571E+16",6,6,140,Graduate,Graduate,0.0,0.0,1.0
1,12,1,19,8,7,1286,8,7,1286,Graduate,Graduate,0.0,0.0,1.0
16,10,1,20,11,11,"1,17273E+16",11,11,120,Graduate,Graduate,0.0,0.0,1.0
15,6,1,22,6,6,"1,31429E+16",6,3,120,Graduate,Graduate,0.0,0.0,1.0
8,14,1,18,6,5,118,6,4,"1,37143E+16",Dropout,Dropout,1.0,0.0,0.0
8,9,1,19,5,3,"1,06667E+16",5,0,0,Dropout,Dropout,1.0,0.0,0.0
8,5,1,18,6,5,116,6,4,112,Enrolled,Enrolled,0.0,1.0,0.0
8,11,1,20,6,3,"1,03333E+16",6,3,"1,03333E+16",Enrolled,Enrolled,0.0,1.0,0.0
1,15,1,19,6,4,1225,6,3,110,Enrolled,Enrolled,0.0,1.0,0.0
1,11,1,19,6,6,120,6,4,1275,Enrolled,Enrolled,0.0,1.0,0.0
8,12,1,19,8,7,"1,47314E+16",8,7,"1,47314E+16",Graduate,Graduate,0.0,0.0,1.0
1,2,1,18,0,0,0,0,0,0,Graduate,Enrolled,0.18377458955775774,0.6143321993787901,0.20189321106345218
4,5,1,21,13,13,"1,36154E+16",12,12,1425,Graduate,Graduate,0.0,0.0,1.0
12,17,1,27,5,5,158,5,5,148,Graduate,Graduate,0.0,0.0,1.0
8,10,1,19,6,6,"1,46667E+16",6,6,"1,45714E+16",Graduate,Graduate,0.0,0.0,1.0
12,6,1,25,5,0,0,5,0,0,Dropout,Dropout,1.0,0.0,0.0
1,12,1,18,8,7,"1,46543E+16",8,7,"1,46543E+16",Graduate,Graduate,0.0,0.0,1.0
12,12,1,24,8,7,"1,24014E+16",8,7,"1,24014E+16",Graduate,Graduate,0.0,0.0,1.0
1,12,1,20,7,7,115875,8,7,"1,40714E+16",Graduate,Graduate,0.0,0.0,1.0
4,17,1,26,5,5,140,5,5,156,Graduate,Graduate,0.0,0.0,1.0
1,10,1,20,6,6,"1,23333E+16",6,6,"1,18333E+16",Graduate,Graduate,0.0,0.0,1.0
1,6,1,18,5,5,140,5,5,154,Graduate,Enrolled,0.0,1.0,0.0
1,6,1,19,6,6,"1,52308E+15",6,6,12375,Graduate,Graduate,0.0,0.0,1.0
1,16,1,23,6,5,116,6,3,110,Dropout,Dropout,1.0,0.0,0.0
1,12,1,18,7,6,116,7,6,116,Graduate,Graduate,0.0,0.0,1.0
1,12,1,18,7,0,0,8,0,0,Dropout,Dropout,1.0,0.0,0.0
1,12,1,19,7,7,"1,29014E+16",8,8,"1,30944E+16",Graduate,Graduate,0.0,0.0,1.0
13,17,1,30,7,7,"1,41429E+16",5,5,148,Graduate,Graduate,0.0,0.0,1.0
15,6,1,29,6,0,0,6,0,0,Dropout,Enrolled,0.0,1.0,0.0
1,12,1,19,8,8,1325375,8,8,1325375,Graduate,Graduate,0.0,0.0,1.0
8,13,1,20,7,7,"1,37857E+16",8,8,141,Graduate,Graduate,0.0,0.0,1.0
1,12,1,20,7,6,"1,39167E+16",7,6,"1,39167E+16",Graduate,Graduate,0.0,0.0,1.0
1,14,1,19,6,6,135,6,6,"1,35714E+16",Graduate,Graduate,0.0,0.0,1.0
8,9,1,20,5,3,"1,13333E+16",5,2,"1,06667E+16",Enrolled,Enrolled,0.0,1.0,0.0
1,6,1,21,5,0,0,5,0,0,Dropout,Dropout,1.0,0.0,0.0
8,14,1,19,6,5,115,6,4,146,Graduate,Dropout,1.0,0.0,0.0
1,12,1,18,8,7,"1,20829E+16",8,7,"1,20829E+16",Graduate,Graduate,0.0,0.0,1.0
12,3,1,27,6,6,"1,18333E+16",6,5,128,Graduate,Graduate,0.0,0.0,1.0
8,9,1,19,5,5,134,5,5,124,Graduate,Graduate,0.0,0.0,1.0
1,12,1,19,7,0,0,7,0,0,Dropout,Dropout,1.0,0.0,0.0
1,15,1,19,6,5,142,6,6,"1,45714E+16",Graduate,Graduate,0.0,0.0,1.0
1,12,1,18,8,7,"1,38143E+16",8,7,"1,38143E+16",Graduate,Graduate,0.0,0.0,1.0
8,11,1,20,6,4,1125,6,6,105,Enrolled,Enrolled,0.0,1.0,0.0
1,14,1,18,6,6,145,6,6,"1,36667E+16",Graduate,Graduate,0.0,0.0,1.0
1,14,1,19,6,0,0,6,0,0,Dropout,Dropout,1.0,0.0,0.0
12,12,1,36,7,6,113,7,6,113,Graduate,Enrolled,0.0,1.0,0.0
14,13,1,18,2,0,0,4,1,160,Enrolled,Enrolled,0.0,1.0,0.0
14,8,1,18,5,1,120,5,3,120,Enrolled,Enrolled,0.0,1.0,0.0
8,12,1,19,8,7,123,8,7,123,Graduate,Graduate,0.0,0.0,1.0
1,12,1,18,8,7,"1,26943E+16",8,7,"1,26943E+16",Graduate,Graduate,0.0,0.0,1.0
8,14,1,18,5,4,110,5,4,110,Graduate,Graduate,0.0,0.0,1.0
1,10,1,19,6,6,130,6,6,"1,41667E+16",Graduate,Graduate,0.0,0.0,1.0
1,12,1,19,7,7,144125,8,8,1605,Graduate,Graduate,0.0,0.0,1.0
1,12,1,18,7,7,1292875,8,8,140625,Dropout,Dropout,1.0,0.0,0.0
1,15,1,20,6,6,"1,33333E+16",6,5,128,Graduate,Graduate,0.0,0.0,1.0
1,11,1,20,6,5,128,6,5,128,Enrolled,Enrolled,0.0,1.0,0.0
9,12,1,20,8,7,"1,44029E+16",8,7,"1,44029E+16",Graduate,Graduate,0.0,0.0,1.0
1,12,1,18,8,7,"1,33814E+16",8,7,"1,33814E+16",Graduate,Graduate,0.0,0.0,1.0
1,12,1,18,7,7,1413125,8,8,1398375,Graduate,Graduate,0.0,0.0,1.0
8,6,1,19,5,5,"1,17143E+16",5,5,126,Graduate,Graduate,0.0,0.0,1.0
1,9,1,19,5,5,118,5,4,1125,Enrolled,Enrolled,0.0,1.0,0.0
12,3,1,44,6,6,"1,11667E+16",6,2,110,Graduate,Graduate,0.0,0.0,1.0
4,4,1,32,6,0,0,6,0,0,Dropout,Dropout,1.0,0.0,0.0
14,16,1,22,6,5,136,6,5,120,Dropout,Dropout,1.0,0.0,0.0
12,4,1,36,12,12,"1,38462E+16",12,11,"1,40909E+16",Graduate,Graduate,0.0,0.0,1.0
8,15,1,18,6,6,125,6,6,"1,33333E+16",Graduate,Graduate,0.0,0.0,1.0
1,8,1,20,5,5,164,5,5,146,Graduate,Graduate,0.0,0.0,1.0
16,5,1,20,11,11,"1,38182E+16",11,11,"1,34545E+16",Graduate,Graduate,0.0,0.0,1.0
8,10,1,19,6,5,106,6,4,105,Graduate,Enrolled,0.0,1.0,0.0
12,9,1,24,5,5,102,5,5,122,Graduate,Graduate,0.0,0.0,1.0
8,10,1,20,6,5,106,6,4,104,Enrolled,Enrolled,0.0,1.0,0.0
14,3,1,27,10,9,"1,14444E+16",11,5,108,Dropout,Dropout,1.0,0.0,0.0
1,16,1,20,6,5,"1,43333E+16",8,8,12625,Enrolled,Enrolled,0.0,1.0,0.0
14,10,1,23,16,16,130,13,13,"1,32667E+16",Graduate,Graduate,0.0,0.0,1.0
1,12,1,18,8,8,1331,8,8,1331,Graduate,Graduate,0.0,0.0,1.0
8,10,1,18,6,5,"1,05714E+16",6,5,122,Graduate,Graduate,0.0,0.0,1.0
8,12,1,20,8,7,"1,34871E+16",8,7,"1,34871E+16",Graduate,Graduate,0.0,0.0,1.0
1,11,1,20,6,6,"1,23333E+16",6,6,"1,18333E+16",Graduate,Graduate,0.0,0.0,1.0
1,14,1,23,6,6,11875,6,5,"1,28333E+16",Dropout,Dropout,1.0,0.0,0.0
1,12,1,20,7,6,"1,39667E+16",7,6,"1,39667E+16",Graduate,Graduate,0.0,0.0,1.0
12,11,0,28,5,0,0,5,0,0,Dropout,Dropout,1.0,0.0,0.0
1,14,1,21,5,4,115,5,5,128,Graduate,Enrolled,0.0,1.0,0.0
1,13,1,21,2,2,125,7,0,0,Dropout,Dropout,1.0,0.0,0.0
4,12,1,28,7,0,0,8,0,0,Dropout,Dropout,1.0,0.0,0.0
1,12,1,18,7,6,1198,8,7,13225,Graduate,Graduate,0.0,0.0,1.0
8,10,1,21,6,5,132,6,5,118,Enrolled,Enrolled,0.0,1.0,0.0
1,12,1,19,7,6,"1,16143E+16",8,8,140375,Graduate,Graduate,0.0,0.0,1.0
9,12,1,18,8,7,"1,43143E+16",8,7,"1,43143E+16",Graduate,Graduate,0.0,0.0,1.0
1,12,1,19,7,0,0,8,0,0,Dropout,Dropout,1.0,0.0,0.0
15,6,1,20,6,6,"1,26667E+16",6,2,130,Enrolled,Enrolled,0.0,1.0,0.0
1,12,1,20,7,6,"1,27667E+16",8,7,"1,21286E+16",Graduate,Graduate,0.0,0.0,1.0
8,16,1,18,6,6,"1,26667E+16",6,5,122,Graduate,Graduate,0.0,0.0,1.0
14,14,1,20,6,6,115,6,4,"1,05714E+16",Dropout,Dropout,1.0,0.0,0.0
12,14,1,31,6,5,114,6,4,1175,Dropout,Dropout,1.0,0.0,0.0
8,12,1,19,7,7,1470625,8,8,144775,Graduate,Graduate,0.0,0.0,1.0
1,12,1,19,7,6,"1,18143E+16",8,7,"1,35429E+16",Graduate,Graduate,0.0,0.0,1.0
1,5,1,23,6,6,130,6,6,11875,Graduate,Graduate,0.0,0.0,1.0
1,14,1,19,6,6,"1,48571E+16",6,6,"1,33333E+16",Graduate,Graduate,0.0,0.0,1.0
1,12,1,20,7,6,126,7,6,126,Graduate,Graduate,0.0,0.0,1.0
1,6,1,22,6,5,"1,33333E+16",6,4,114,Enrolled,Enrolled,0.0,1.0,0.0
1,16,1,18,7,6,"1,06667E+16",7,6,"1,28333E+16",Enrolled,Enrolled,0.0,1.0,0.0
4,8,0,27,5,2,115,5,1,110,Dropout,Dropout,1.0,0.0,0.0
12,13,1,29,7,1,100,7,0,0,Dropout,Dropout,1.0,0.0,0.0
8,11,1,18,6,5,118,6,5,122,Graduate,Graduate,0.0,0.0,1.0
8,5,1,18,6,5,118,6,6,"1,26667E+16",Graduate,Graduate,0.0,0.0,1.0
8,12,1,18,8,8,1277125,8,8,1277125,Graduate,Graduate,0.0,0.0,1.0
8,6,1,20,5,3,"1,13333E+16",5,5,126,Enrolled,Enrolled,0.0,1.0,0.0
8,11,1,18,6,6,"1,26667E+16",6,5,146,Graduate,Graduate,0.0,0.0,1.0
1,5,0,18,6,5,122,6,4,"1,08333E+16",Enrolled,Enrolled,0.0,1.0,0.0
4,6,0,28,5,1,120,4,0,0,Dropout,Dropout,1.0,0.0,0.0
1,12,1,18,8,7,"1,17214E+16",8,7,"1,17214E+16",Graduate,Graduate,0.0,0.0,1.0
12,12,1,27,7,4,140,7,3,12525,Enrolled,Enrolled,0.0,1.0,0.0
12,1,1,26,7,7,1475,7,5,138,Enrolled,Enrolled,0.0,1.0,0.0
1,15,1,18,6,6,"1,26667E+16",6,6,"1,36667E+16",Graduate,Graduate,0.0,0.0,1.0
1,8,1,18,5,4,130,5,5,140,Dropout,Dropout,1.0,0.0,0.0
1,9,1,21,5,0,0,5,0,0,Dropout,Dropout,1.0,0.0,0.0
1,5,1,18,6,4,1075,6,0,0,Enrolled,Enrolled,0.0,1.0,0.0
12,3,0,32,5,0,0,5,0,0,Dropout,Dropout,1.0,0.0,0.0
12,14,1,28,5,4,125,5,4,1175,Graduate,Graduate,0.0,0.0,1.0
12,17,0,40,4,0,0,5,0,0,Dropout,Dropout,1.0,0.0,0.0
9,3,0,39,5,0,0,4,0,0,Dropout,Dropout,1.0,0.0,0.0
9,10,0,39,6,0,0,6,0,0,Dropout,Dropout,1.0,0.0,0.0
12,4,1,50,6,6,125,6,5,124,Graduate,Graduate,0.0,0.0,1.0
8,16,1,23,6,5,128,6,3,"1,16667E+16",Dropout,Dropout,1.0,0.0,0.0
12,3,1,48,6,1,100,6,1,110,Dropout,Dropout,1.0,0.0,0.0
8,16,1,23,6,4,1125,6,5,102,Dropout,Dropout,1.0,0.0,0.0
1,12,1,18,8,7,1261,8,7,1261,Graduate,Graduate,0.0,0.0,1.0
8,8,1,18,5,2,120,5,5,126,Graduate,Graduate,0.0,0.0,1.0
6,10,0,20,6,5,130,6,6,135,Graduate,Graduate,0.0,0.0,1.0
9,6,1,18,5,4,120,5,5,130,Graduate,Graduate,0.0,0.0,1.0
1,13,1,18,7,4,120,8,0,0,Dropout,Dropout,1.0,0.0,0.0
14,7,1,31,5,1,120,5,1,110,Dropout,Dropout,1.0,0.0,0.0
12,7,1,24,5,1,120,5,3,105,Enrolled,Enrolled,0.0,1.0,0.0
12,2,1,24,0,0,0,0,0,0,Graduate,Graduate,0.0,0.0,1.0
12,9,0,26,5,0,0,5,0,0,Dropout,Dropout,1.0,0.0,0.0
1,8,1,18,6,5,13625,6,4,1175,Dropout,Dropout,1.0,0.0,0.0
8,9,1,19,5,3,"1,16667E+16",5,3,"1,16667E+16",Enrolled,Enrolled,0.0,1.0,0.0
8,14,1,22,6,0,0,6,0,0,Dropout,Dropout,1.0,0.0,0.0
1,12,1,18,8,7,1169,8,7,1169,Graduate,Graduate,0.0,0.0,1.0
15,5,0,20,6,0,0,6,0,0,Dropout,Dropout,1.0,0.0,0.0
15,2,1,25,0,0,0,0,0,0,Graduate,Graduate,0.0,0.0,1.0
14,17,1,24,5,4,115,5,5,"1,12857E+16",Graduate,Graduate,0.0,0.0,1.0
12,7,1,27,5,1,140,5,0,0,Dropout,Dropout,1.0,0.0,0.0
8,11,1,21,6,5,110,6,5,124,Graduate,Graduate,0.0,0.0,1.0
15,4,1,21,6,6,"1,28571E+16",6,6,"1,31667E+16",Graduate,Graduate,0.0,0.0,1.0
9,15,1,19,6,4,125,6,6,"1,13333E+16",Dropout,Dropout,1.0,0.0,0.0
12,12,1,28,7,7,"1,45286E+16",8,8,"1,50182E+16",Graduate,Graduate,0.0,0.0,1.0
1,9,1,20,5,5,100,5,2,120,Enrolled,Enrolled,0.0,1.0,0.0
15,4,1,21,6,6,130,6,6,12625,Graduate,Graduate,0.0,0.0,1.0
1,12,1,18,7,7,"1,59571E+16",8,8,"1,51889E+16",Graduate,Graduate,0.0,0.0,1.0
8,7,1,18,5,5,132,5,5,126,Enrolled,Enrolled,0.0,1.0,0.0
1,9,1,20,5,4,102,5,3,110,Enrolled,Enrolled,0.0,1.0,0.0
12,7,1,25,5,5,142,5,2,135,Enrolled,Enrolled,0.0,1.0,0.0
1,14,1,22,6,6,12625,6,2,145,Enrolled,Enrolled,0.0,1.0,0.0
1,12,1,18,8,6,"1,34967E+16",8,6,"1,34967E+16",Enrolled,Enrolled,0.0,1.0,0.0
8,9,1,19,5,5,1325,5,5,110,Graduate,Graduate,0.0,0.0,1.0
1,7,1,19,5,3,120,5,3,120,Dropout,Dropout,1.0,0.0,0.0
12,15,0,25,6,4,130,6,4,1375,Dropout,Dropout,1.0,0.0,0.0
14,5,1,21,11,9,"1,17778E+15",8,3,"1,36667E+16",Dropout,Dropout,1.0,0.0,0.0
8,7,1,19,5,2,110,6,0,0,Dropout,Dropout,1.0,0.0,0.0
8,9,1,20,5,0,0,5,0,0,Dropout,Dropout,1.0,0.0,0.0
15,4,1,25,14,14,"1,24286E+16",9,6,"1,08571E+16",Dropout,Dropout,1.0,0.0,0.0
8,9,1,20,5,3,110,5,3,120,Enrolled,Enrolled,0.0,1.0,0.0
1,2,1,18,0,0,0,0,0,0,Graduate,Enrolled,0.18377458955775774,0.6143321993787901,0.20189321106345218
15,11,1,23,6,3,115,6,3,"1,06667E+16",Enrolled,Enrolled,0.0,1.0,0.0
13,12,1,23,8,8,125075,8,8,125075,Graduate,Graduate,0.0,0.0,1.0
17,4,1,21,12,11,"1,20909E+16",12,11,120,Graduate,Graduate,0.0,0.0,1.0
1,8,1,20,5,2,110,5,3,"1,26667E+16",Enrolled,Enrolled,0.0,1.0,0.0
12,17,1,25,5,1,100,5,2,"1,13333E+16",Dropout,Enrolled,0.0,1.0,0.0
1,8,1,18,6,6,135,6,5,132,Graduate,Graduate,0.0,0.0,1.0
1,5,1,22,6,6,"1,41667E+16",6,6,13625,Graduate,Graduate,0.0,0.0,1.0
12,14,1,27,6,6,140,6,6,"1,47143E+16",Graduate,Graduate,0.0,0.0,1.0
12,4,1,25,3,0,0,3,0,0,Dropout,Dropout,1.0,0.0,0.0
8,7,1,18,5,3,"1,16667E+16",5,3,"1,13333E+16",Dropout,Dropout,1.0,0.0,0.0
8,6,1,20,5,5,146,5,5,142,Graduate,Graduate,0.0,0.0,1.0
12,4,1,27,6,5,130,6,5,115,Graduate,Graduate,0.0,0.0,1.0
1,3,1,20,6,6,"1,21667E+16",6,6,120,Graduate,Graduate,0.0,0.0,1.0
1,9,1,22,5,0,0,5,1,120,Dropout,Dropout,1.0,0.0,0.0
8,7,1,19,5,3,105,5,3,108,Dropout,Dropout,1.0,0.0,0.0
1,9,1,20,5,3,124,5,5,"1,08333E+16",Enrolled,Enrolled,0.0,1.0,0.0
14,2,1,19,0,0,0,0,0,0,Graduate,Graduate,0.0,0.0,1.0
12,6,0,29,5,0,0,5,0,0,Dropout,Dropout,1.0,0.0,0.0
1,12,1,19,8,7,"1,38286E+16",8,7,"1,38286E+16",Graduate,Graduate,0.0,0.0,1.0
12,17,1,28,5,5,106,5,5,102,Enrolled,Enrolled,0.0,1.0,0.0
1,10,1,20,6,6,115,6,6,"1,16667E+16",Graduate,Graduate,0.0,0.0,1.0
1,5,1,20,6,4,135,6,6,13625,Graduate,Graduate,0.0,0.0,1.0
12,3,1,31,6,0,0,6,0,0,Dropout,Dropout,1.0,0.0,0.0
8,12,1,18,7,7,125375,8,7,"1,26143E+16",Graduate,Graduate,0.0,0.0,1.0
8,14,1,19,6,6,"1,48333E+16",6,6,"1,32857E+16",Enrolled,Enrolled,0.0,1.0,0.0
1,9,1,18,5,4,120,5,4,128,Graduate,Graduate,0.0,0.0,1.0
8,11,1,19,6,5,118,6,5,116,Graduate,Graduate,0.0,0.0,1.0
1,9,1,18,5,5,150,5,5,152,Graduate,Graduate,0.0,0.0,1.0
8,6,1,19,5,3,120,5,5,132,Graduate,Graduate,0.0,0.0,1.0
8,15,1,18,6,6,"1,28333E+16",6,6,"1,22857E+16",Graduate,Graduate,0.0,0.0,1.0
1,11,1,19,6,6,"1,16667E+16",6,3,120,Graduate,Graduate,0.0,0.0,1.0
1,13,1,19,7,7,121625,8,8,13825,Graduate,Graduate,0.0,0.0,1.0
1,14,1,18,6,6,"1,38333E+16",6,6,"1,45556E+16",Graduate,Graduate,0.0,0.0,1.0
1,12,1,19,7,4,1245,7,5,117,Enrolled,Enrolled,0.0,1.0,0.0
15,14,1,20,6,6,12125,6,6,"1,35714E+16",Graduate,Graduate,0.0,0.0,1.0
8,14,1,20,6,5,134,6,4,130,Enrolled,Enrolled,0.0,1.0,0.0
8,4,1,20,6,6,"1,33333E+16",6,5,140,Enrolled,Graduate,0.0,0.0,1.0
12,17,1,29,15,11,"1,14545E+16",13,11,"1,15455E+16",Dropout,Dropout,1.0,0.0,0.0
8,16,0,20,6,4,120,6,3,100,Dropout,Dropout,1.0,0.0,0.0
12,16,0,31,7,6,"1,26667E+16",7,5,126,Dropout,Enrolled,0.0,1.0,0.0
8,14,1,20,6,6,"1,26667E+16",6,6,"1,37778E+15",Graduate,Graduate,0.0,0.0,1.0
8,4,1,21,18,18,"1,18889E+15",13,13,"1,14615E+16",Graduate,Graduate,0.0,0.0,1.0
4,8,1,23,6,0,0,6,0,0,Dropout,Dropout,1.0,0.0,0.0
8,5,0,21,6,4,130,6,4,116,Dropout,Dropout,1.0,0.0,0.0
4,12,1,24,7,7,"1,68857E+16",8,8,"1,57444E+16",Graduate,Graduate,0.0,0.0,1.0
12,3,1,27,6,6,125,6,6,"1,23333E+16",Graduate,Graduate,0.0,0.0,1.0
1,12,1,18,7,7,"1,30556E+16",8,8,158125,Graduate,Graduate,0.0,0.0,1.0
1,2,0,21,0,0,0,0,0,0,Dropout,Dropout,1.0,0.0,0.0
8,8,1,19,5,0,0,5,0,0,Dropout,Dropout,1.0,0.0,0.0
1,12,1,19,8,7,"1,23557E+16",8,7,"1,23557E+16",Graduate,Graduate,0.0,0.0,1.0
8,6,1,18,6,0,0,6,0,0,Dropout,Dropout,1.0,0.0,0.0
14,12,1,18,7,5,1198,7,5,1198,Enrolled,Enrolled,0.0,1.0,0.0
1,16,1,20,7,7,"1,38571E+16",7,7,"1,25714E+16",Graduate,Graduate,0.0,0.0,1.0
1,3,1,24,6,5,130,6,6,"1,41667E+16",Graduate,Graduate,0.0,0.0,1.0
1,5,1,20,6,6,"1,28333E+16",6,6,"1,11667E+16",Graduate,Graduate,0.0,0.0,1.0
8,9,1,20,5,4,110,5,5,132,Enrolled,Enrolled,0.0,1.0,0.0
1,12,1,19,8,7,"1,23571E+16",8,7,"1,23571E+16",Graduate,Graduate,0.0,0.0,1.0
1,12,1,18,8,7,"1,38571E+16",8,7,"1,38571E+16",Graduate,Graduate,0.0,0.0,1.0
8,10,1,20,6,6,"1,23333E+16",6,6,"1,06667E+16",Graduate,Graduate,0.0,0.0,1.0
8,12,1,20,7,7,"1,28471E+16",8,8,"1,37889E+16",Graduate,Graduate,0.0,0.0,1.0
8,12,1,19,7,6,"1,234E+16",8,8,1301875,Graduate,Graduate,0.0,0.0,1.0
15,6,1,19,6,5,"1,26667E+16",6,4,1175,Enrolled,Enrolled,0.0,1.0,0.0
1,15,1,20,6,6,"1,38333E+16",6,6,125,Graduate,Graduate,0.0,0.0,1.0
8,9,1,19,5,2,1075,5,2,100,Dropout,Dropout,1.0,0.0,0.0
8,16,1,19,6,4,1325,6,4,1025,Dropout,Dropout,1.0,0.0,0.0
8,12,1,18,8,8,1373125,8,8,1373125,Graduate,Graduate,0.0,0.0,1.0
8,5,1,23,6,6,"1,33333E+16",6,3,"1,26667E+16",Dropout,Dropout,1.0,0.0,0.0
1,16,1,21,6,5,120,6,5,108,Dropout,Graduate,0.0,0.0,1.0
15,3,1,23,9,9,"1,08889E+15",8,6,"1,13333E+16",Graduate,Graduate,0.0,0.0,1.0
1,12,1,19,7,7,13025,8,8,"1,38111E+16",Graduate,Graduate,0.0,0.0,1.0
8,15,1,18,6,6,130,6,6,"1,41667E+16",Graduate,Graduate,0.0,0.0,1.0
1,15,1,19,6,5,118,6,5,120,Graduate,Graduate,0.0,0.0,1.0
12,12,1,25,8,7,"1,20429E+16",8,7,"1,20429E+16",Graduate,Graduate,0.0,0.0,1.0
1,16,1,19,6,5,122,6,4,130,Enrolled,Enrolled,0.0,1.0,0.0
1,12,1,19,7,7,128375,8,8,155,Graduate,Graduate,0.0,0.0,1.0
12,13,1,24,7,7,110,8,7,117,Graduate,Graduate,0.0,0.0,1.0
1,14,1,18,6,6,135,6,5,140,Graduate,Graduate,0.0,0.0,1.0
8,10,1,19,6,6,12125,6,6,"1,27143E+16",Graduate,Graduate,0.0,0.0,1.0
1,12,1,18,8,7,"1,26286E+15",8,7,"1,26286E+15",Graduate,Graduate,0.0,0.0,1.0
12,17,1,27,5,3,"1,06667E+16",5,4,114,Enrolled,Enrolled,0.0,1.0,0.0
8,10,1,19,6,5,112,6,5,116,Graduate,Graduate,0.0,0.0,1.0
9,15,1,18,6,6,"1,26667E+16",6,6,"1,18333E+16",Dropout,Dropout,1.0,0.0,0.0
12,14,0,34,6,4,135,6,0,0,Dropout,Dropout,1.0,0.0,0.0
1,9,1,18,5,3,"1,16667E+16",5,2,110,Enrolled,Enrolled,0.0,1.0,0.0
1,9,1,18,5,2,105,5,3,"1,23333E+16",Enrolled,Enrolled,0.0,1.0,0.0
1,12,1,18,8,8,1426875,8,8,1426875,Enrolled,Graduate,0.0,0.0,1.0
1,15,0,20,6,0,0,6,0,0,Dropout,Dropout,1.0,0.0,0.0
1,9,1,19,5,2,105,5,3,"1,33333E+16",Enrolled,Enrolled,0.0,1.0,0.0
1,10,1,21,6,5,112,6,1,100,Enrolled,Dropout,1.0,0.0,0.0
12,17,1,26,5,5,120,5,5,"1,48333E+16",Graduate,Graduate,0.0,0.0,1.0
14,13,1,27,7,7,"1,22286E+16",8,8,132125,Graduate,Graduate,0.0,0.0,1.0
1,14,1,20,5,4,115,5,4,1075,Graduate,Graduate,0.0,0.0,1.0
8,10,1,18,6,6,15375,6,6,"1,64286E+16",Graduate,Graduate,0.0,0.0,1.0
17,6,0,23,12,9,"1,36667E+16",9,6,135,Enrolled,Enrolled,0.0,1.0,0.0
12,12,1,24,8,7,"1,26143E+16",8,7,"1,26143E+16",Graduate,Graduate,0.0,0.0,1.0
15,10,1,19,6,5,122,6,6,115,Graduate,Graduate,0.0,0.0,1.0
1,15,1,19,6,4,1175,6,4,110,Graduate,Graduate,0.0,0.0,1.0
1,10,1,19,6,5,114,6,3,100,Enrolled,Enrolled,0.0,1.0,0.0
1,10,1,18,6,5,106,6,2,100,Enrolled,Enrolled,0.0,1.0,0.0
16,3,1,22,16,13,"1,09231E+16",13,11,"1,14545E+16",Graduate,Graduate,0.0,0.0,1.0
14,5,1,20,6,5,124,6,5,124,Graduate,Graduate,0.0,0.0,1.0
12,4,1,25,6,0,0,6,0,0,Dropout,Dropout,1.0,0.0,0.0
15,4,1,21,6,6,"1,58333E+16",6,6,155,Graduate,Graduate,0.0,0.0,1.0
1,12,1,19,7,5,118,7,6,"1,17083E+16",Enrolled,Enrolled,0.0,1.0,0.0
8,15,1,18,6,6,"1,25714E+16",6,6,"1,36667E+16",Graduate,Graduate,0.0,0.0,1.0
1,14,1,18,5,3,120,5,4,1325,Graduate,Dropout,1.0,0.0,0.0
8,12,1,19,7,7,133625,8,8,"1,44444E+16",Graduate,Graduate,0.0,0.0,1.0
1,6,1,19,5,5,154,5,5,160,Graduate,Graduate,0.0,0.0,1.0
8,15,0,18,6,5,122,6,4,1175,Dropout,Dropout,1.0,0.0,0.0
16,10,1,20,11,11,"1,28182E+16",11,11,"1,35455E+16",Graduate,Graduate,0.0,0.0,1.0
8,12,1,19,7,0,0,8,0,0,Dropout,Dropout,1.0,0.0,0.0
13,12,1,28,17,17,"1,33947E+16",17,17,"1,35547E+16",Graduate,Graduate,0.0,0.0,1.0
1,10,1,20,6,6,1425,6,6,110,Graduate,Graduate,0.0,0.0,1.0
13,3,1,30,11,9,"1,34444E+16",7,7,"1,47143E+16",Dropout,Dropout,1.0,0.0,0.0
1,12,1,19,7,7,"1,22857E+16",8,8,117375,Graduate,Graduate,0.0,0.0,1.0
1,5,1,22,6,6,"1,16667E+16",6,5,132,Graduate,Graduate,0.0,0.0,1.0
1,11,1,18,6,6,"1,21667E+16",6,6,135,Graduate,Graduate,0.0,0.0,1.0
8,16,1,23,6,2,100,6,2,110,Dropout,Dropout,1.0,0.0,0.0
8,5,1,18,6,6,140,6,6,150,Graduate,Graduate,0.0,0.0,1.0
1,16,1,18,6,5,"1,18333E+16",6,4,120,Enrolled,Enrolled,0.0,1.0,0.0
12,15,0,50,6,1,150,5,0,0,Dropout,Dropout,1.0,0.0,0.0
1,2,1,19,0,0,0,0,0,0,Graduate,Dropout,0.5482625482625483,0.0,0.4517374517374517
8,11,1,22,6,6,"1,08333E+16",6,6,"1,06667E+16",Graduate,Graduate,0.0,0.0,1.0
15,10,1,23,6,6,"1,31429E+16",6,6,140,Graduate,Graduate,0.0,0.0,1.0
9,6,0,20,5,5,144,5,5,140,Dropout,Dropout,1.0,0.0,0.0
12,10,0,44,6,0,0,6,0,0,Dropout,Dropout,1.0,0.0,0.0
12,4,1,49,12,7,120,12,9,"1,12222E+15",Graduate,Dropout,1.0,0.0,0.0
14,17,1,46,10,9,122,10,10,128,Graduate,Graduate,0.0,0.0,1.0
12,6,0,41,3,3,"1,23333E+16",2,2,110,Dropout,Dropout,1.0,0.0,0.0
8,12,1,18,7,7,118375,8,8,1248125,Graduate,Graduate,0.0,0.0,1.0
12,17,1,43,5,5,118,5,5,140,Graduate,Graduate,0.0,0.0,1.0
12,9,0,70,5,0,0,5,0,0,Dropout,Dropout,1.0,0.0,0.0
12,8,1,48,6,0,0,6,0,0,Dropout,Dropout,1.0,0.0,0.0
14,4,1,41,19,19,"1,26842E+15",13,13,"1,23846E+16",Graduate,Graduate,0.0,0.0,1.0
1,11,1,21,6,6,"1,25714E+16",6,4,130,Enrolled,Enrolled,0.0,1.0,0.0
12,1,0,35,7,3,1125,7,0,0,Dropout,Dropout,1.0,0.0,0.0
12,8,1,44,5,4,140,5,4,155,Graduate,Graduate,0.0,0.0,1.0
1,9,1,18,5,4,"1,33333E+16",5,2,135,Dropout,Dropout,1.0,0.0,0.0
1,3,1,45,6,6,"1,36667E+16",6,6,"1,36667E+16",Graduate,Graduate,0.0,0.0,1.0
1,11,1,20,6,3,100,6,5,108,Enrolled,Enrolled,0.0,1.0,0.0
15,4,1,22,6,5,126,6,6,"1,17143E+16",Graduate,Graduate,0.0,0.0,1.0
14,7,1,39,5,3,"1,73333E+16",5,1,170,Dropout,Dropout,1.0,0.0,0.0
15,6,0,20,6,5,132,6,3,120,Enrolled,Enrolled,0.0,1.0,0.0
12,9,1,49,5,3,140,5,3,"1,36667E+16",Dropout,Dropout,1.0,0.0,0.0
4,13,1,43,4,4,13875,1,1,125,Dropout,Dropout,1.0,0.0,0.0
12,17,1,32,5,0,0,5,0,0,Dropout,Dropout,1.0,0.0,0.0
12,10,1,47,9,9,"1,31111E+15",7,7,"1,48571E+16",Graduate,Graduate,0.0,0.0,1.0
12,17,1,37,5,5,130,5,4,"1,33333E+16",Dropout,Dropout,1.0,0.0,0.0
12,3,1,41,10,10,125,7,7,"1,21429E+16",Graduate,Graduate,0.0,0.0,1.0
12,4,1,60,18,18,"1,41111E+15",13,13,"1,42308E+15",Graduate,Graduate,0.0,0.0,1.0
12,11,1,47,11,11,"1,47273E+16",9,9,"1,57778E+15",Graduate,Enrolled,0.0,1.0,0.0
12,3,0,50,6,0,0,5,0,0,Dropout,Dropout,1.0,0.0,0.0
12,17,1,45,5,0,0,5,0,0,Dropout,Dropout,1.0,0.0,0.0
12,7,0,45,5,0,0,5,0,0,Dropout,Dropout,1.0,0.0,0.0
12,6,1,33,5,4,135,5,5,116,Graduate,Graduate,0.0,0.0,1.0
1,12,1,18,8,7,"1,31057E+16",8,7,"1,31057E+16",Graduate,Graduate,0.0,0.0,1.0
12,6,1,43,5,5,135,5,5,144,Graduate,Graduate,0.0,0.0,1.0
14,3,1,44,13,13,"1,18462E+16",11,11,120,Graduate,Graduate,0.0,0.0,1.0
12,8,1,29,5,0,0,5,0,0,Dropout,Dropout,1.0,0.0,0.0
12,14,0,53,6,3,"1,43333E+16",6,0,0,Dropout,Dropout,1.0,0.0,0.0
13,17,1,37,5,5,158,5,5,176,Enrolled,Graduate,0.0,0.0,1.0
14,14,1,18,6,5,138,6,5,124,Enrolled,Enrolled,0.0,1.0,0.0
14,1,1,35,10,6,"1,26667E+16",9,3,120,Dropout,Dropout,1.0,0.0,0.0
1,11,1,23,6,6,130,6,6,120,Enrolled,Enrolled,0.0,1.0,0.0
1,2,1,22,0,0,0,0,0,0,Graduate,Graduate,0.47651006711409394,0.0,0.5234899328859061
12,3,0,33,6,1,110,6,0,0,Dropout,Dropout,1.0,0.0,0.0
4,8,0,41,5,0,0,5,0,0,Dropout,Dropout,1.0,0.0,0.0
4,12,1,51,7,7,152,8,8,16575,Graduate,Graduate,0.0,0.0,1.0
16,14,1,19,6,6,"1,44286E+16",7,7,14375,Graduate,Graduate,0.0,0.0,1.0
12,17,1,35,5,0,0,5,0,0,Dropout,Dropout,1.0,0.0,0.0
1,2,1,20,0,0,0,0,0,0,Graduate,Graduate,0.47651006711409394,0.0,0.5234899328859061
14,14,1,18,6,4,1375,6,5,112,Enrolled,Enrolled,0.0,1.0,0.0
1,15,0,18,6,5,"1,21667E+16",6,3,120,Dropout,Dropout,1.0,0.0,0.0
15,4,1,21,6,5,"1,21429E+16",6,5,"1,16667E+16",Graduate,Graduate,0.0,0.0,1.0
1,11,1,21,6,6,120,6,5,116,Graduate,Graduate,0.0,0.0,1.0
12,9,1,34,5,3,"1,16667E+16",5,4,1275,Graduate,Graduate,0.0,0.0,1.0
12,8,1,34,6,0,0,6,0,0,Dropout,Dropout,1.0,0.0,0.0
8,14,1,21,6,6,11875,6,5,120,Graduate,Graduate,0.0,0.0,1.0
14,15,1,32,11,7,"1,12857E+16",7,6,"1,23333E+16",Enrolled,Enrolled,0.0,1.0,0.0
8,11,1,30,6,2,100,6,3,"1,13333E+16",Dropout,Dropout,1.0,0.0,0.0
1,2,1,19,12,11,120,11,10,"1,11818E+16",Enrolled,Enrolled,0.0,1.0,0.0
16,15,1,20,7,6,"1,38333E+16",6,5,130,Dropout,Dropout,1.0,0.0,0.0
1,5,1,18,6,0,0,6,0,0,Dropout,Dropout,1.0,0.0,0.0
1,11,1,19,6,6,"1,44286E+16",6,6,125,Graduate,Graduate,0.0,0.0,1.0
8,12,1,18,7,5,142,7,6,124,Dropout,Enrolled,0.0,1.0,0.0
12,17,1,27,5,4,115,5,3,"1,03333E+16",Dropout,Dropout,1.0,0.0,0.0
12,15,1,52,6,5,130,6,6,150,Graduate,Graduate,0.0,0.0,1.0
14,4,0,29,6,0,0,6,0,0,Dropout,Dropout,1.0,0.0,0.0
16,4,0,22,6,3,"1,13333E+16",6,2,110,Dropout,Dropout,1.0,0.0,0.0
14,6,1,28,18,18,125,13,12,"1,14286E+16",Graduate,Graduate,0.0,0.0,1.0
12,14,1,30,5,0,0,5,0,0,Dropout,Dropout,1.0,0.0,0.0
1,12,1,18,7,7,"1,34714E+16",8,8,"1,39444E+16",Graduate,Graduate,0.0,0.0,1.0
1,14,1,21,5,4,1175,5,3,"1,33333E+16",Graduate,Graduate,0.0,0.0,1.0
1,5,1,20,6,6,"1,33333E+16",6,6,"1,46667E+16",Graduate,Graduate,0.0,0.0,1.0
13,12,1,21,8,8,13105,8,8,13105,Graduate,Graduate,0.0,0.0,1.0
12,17,0,32,5,0,0,5,0,0,Dropout,Dropout,1.0,0.0,0.0
1,5,1,20,6,6,155,6,6,"1,21667E+16",Graduate,Graduate,0.0,0.0,1.0
1,2,0,19,0,0,0,0,0,0,Dropout,Dropout,1.0,0.0,0.0
6,14,0,18,6,4,1125,6,3,"1,23333E+16",Dropout,Dropout,1.0,0.0,0.0
14,17,0,23,15,12,110,14,11,"1,13636E+16",Dropout,Dropout,1.0,0.0,0.0
1,11,1,20,6,6,"1,23333E+16",6,4,130,Graduate,Graduate,0.0,0.0,1.0
14,9,1,46,9,8,11375,5,5,118,Graduate,Graduate,0.0,0.0,1.0
8,4,1,27,18,18,"1,22222E+15",12,12,"1,23846E+16",Graduate,Graduate,0.0,0.0,1.0
3,2,1,20,0,0,0,0,0,0,Enrolled,Enrolled,0.0,1.0,0.0
14,3,1,41,9,9,120,7,6,120,Graduate,Graduate,0.0,0.0,1.0
6,9,1,40,5,1,110,5,1,100,Enrolled,Dropout,1.0,0.0,0.0
15,3,1,37,16,16,14125,11,10,130,Graduate,Graduate,0.0,0.0,1.0
1,9,1,20,5,5,102,5,5,112,Enrolled,Graduate,0.0,0.0,1.0
15,8,1,20,5,4,120,5,4,124,Enrolled,Enrolled,0.0,1.0,0.0
4,17,1,26,9,9,"1,23333E+16",7,7,"1,25714E+16",Graduate,Dropout,1.0,0.0,0.0
12,3,1,54,9,9,"1,43333E+16",7,7,"1,38571E+16",Graduate,Graduate,0.0,0.0,1.0
8,14,1,21,6,6,"1,51667E+16",6,6,140,Graduate,Graduate,0.0,0.0,1.0
1,6,1,20,6,6,"1,51429E+16",6,6,"1,51429E+16",Graduate,Graduate,0.0,0.0,1.0
8,15,1,18,6,0,0,6,0,0,Dropout,Dropout,1.0,0.0,0.0
1,12,1,19,7,6,"1,34114E+16",8,7,"1,32944E+16",Enrolled,Enrolled,0.0,1.0,0.0
1,10,1,18,6,6,"1,23333E+16",6,6,"1,21667E+16",Graduate,Graduate,0.0,0.0,1.0
1,6,1,19,6,4,118,6,4,122,Enrolled,Enrolled,0.0,1.0,0.0
15,6,1,22,6,6,120,6,3,120,Dropout,Dropout,1.0,0.0,0.0
14,6,1,19,6,6,150,6,6,15625,Graduate,Graduate,0.0,0.0,1.0
1,2,1,21,12,8,13875,11,9,127,Dropout,Dropout,1.0,0.0,0.0
8,16,1,20,7,6,"1,18333E+16",7,6,"1,43333E+16",Enrolled,Enrolled,0.0,1.0,0.0
8,15,1,18,6,6,125,6,6,"1,38333E+16",Graduate,Graduate,0.0,0.0,1.0
8,15,1,18,6,6,150,6,6,155,Graduate,Graduate,0.0,0.0,1.0
8,14,1,20,6,2,"1,16667E+16",6,4,105,Dropout,Dropout,1.0,0.0,0.0
1,12,1,18,7,7,14668,8,8,1463375,Graduate,Graduate,0.0,0.0,1.0
1,12,1,18,8,6,13345,8,6,13345,Enrolled,Enrolled,0.0,1.0,0.0
1,15,1,20,6,5,128,6,6,"1,23333E+16",Graduate,Graduate,0.0,0.0,1.0
1,10,1,19,6,6,"1,08333E+16",6,6,"1,21429E+16",Graduate,Graduate,0.0,0.0,1.0
1,5,1,18,6,6,"1,36667E+16",6,5,140,Graduate,Graduate,0.0,0.0,1.0
1,12,1,18,8,7,"1,45371E+16",8,7,"1,45371E+16",Graduate,Graduate,0.0,0.0,1.0
3,6,1,18,5,5,144,5,5,140,Dropout,Dropout,1.0,0.0,0.0
8,2,1,20,0,0,0,0,0,0,Graduate,Dropout,0.6454545454545455,0.0,0.35454545454545455
8,15,1,19,6,6,"1,31667E+16",6,6,"1,38333E+16",Graduate,Graduate,0.0,0.0,1.0
12,12,0,36,6,2,115,7,0,0,Dropout,Dropout,1.0,0.0,0.0
8,10,1,19,6,6,"1,13333E+16",6,6,"1,24286E+16",Graduate,Graduate,0.0,0.0,1.0
8,10,1,18,6,6,120,6,5,136,Graduate,Graduate,0.0,0.0,1.0
1,15,1,18,6,6,"1,31667E+16",6,6,"1,21667E+16",Graduate,Graduate,0.0,0.0,1.0
1,15,1,18,6,6,"1,48333E+16",6,6,"1,41667E+16",Graduate,Graduate,0.0,0.0,1.0
15,5,1,19,7,7,130,9,9,"1,32222E+15",Graduate,Graduate,0.0,0.0,1.0
9,12,1,18,7,7,"1,30871E+16",8,8,1295,Graduate,Graduate,0.0,0.0,1.0
1,8,1,19,6,6,"1,33333E+16",6,6,"1,36667E+16",Graduate,Graduate,0.0,0.0,1.0
1,16,1,18,6,6,"1,21667E+16",6,4,1275,Enrolled,Enrolled,0.0,1.0,0.0
17,5,0,22,6,6,110,6,4,120,Enrolled,Enrolled,0.0,1.0,0.0
1,10,0,18,6,0,0,6,0,0,Dropout,Dropout,1.0,0.0,0.0
8,9,1,19,5,5,136,5,5,122,Graduate,Graduate,0.0,0.0,1.0
1,15,1,18,6,6,155,6,6,140,Graduate,Graduate,0.0,0.0,1.0
1,16,1,19,7,7,"1,38571E+16",7,7,"1,42857E+16",Graduate,Graduate,0.0,0.0,1.0
8,9,1,20,5,2,115,5,3,100,Enrolled,Enrolled,0.0,1.0,0.0
8,5,1,18,6,6,130,6,6,"1,21667E+16",Graduate,Graduate,0.0,0.0,1.0
1,8,0,23,6,6,140,6,4,130,Enrolled,Enrolled,0.0,1.0,0.0
1,15,1,20,4,0,0,6,0,0,Dropout,Dropout,1.0,0.0,0.0
1,5,1,20,6,6,"1,11667E+16",6,6,115,Enrolled,Enrolled,0.0,1.0,0.0
1,10,0,22,6,0,0,6,0,0,Dropout,Dropout,1.0,0.0,0.0
8,16,1,18,7,7,"1,21429E+16",7,6,"1,36667E+16",Graduate,Graduate,0.0,0.0,1.0
8,12,1,18,7,7,"1,41457E+16",8,8,"1,36278E+16",Graduate,Graduate,0.0,0.0,1.0
1,12,1,18,7,7,1445,8,8,"1,41444E+16",Graduate,Graduate,0.0,0.0,1.0
1,16,1,18,7,7,"1,57143E+16",7,7,150,Graduate,Graduate,0.0,0.0,1.0
16,9,1,21,5,5,128,5,3,"1,26667E+16",Enrolled,Enrolled,0.0,1.0,0.0
8,5,1,20,6,6,125,6,6,115,Enrolled,Graduate,0.0,0.0,1.0
7,5,1,18,6,6,145,6,6,"1,28333E+16",Graduate,Graduate,0.0,0.0,1.0
8,12,0,20,7,7,"1,34629E+16",8,7,"1,31643E+16",Enrolled,Enrolled,0.0,1.0,0.0
1,3,1,25,6,6,"1,28333E+16",6,6,"1,28333E+16",Graduate,Graduate,0.0,0.0,1.0
1,9,1,18,5,5,120,5,4,116,Graduate,Graduate,0.0,0.0,1.0
1,2,1,19,0,0,0,0,0,0,Graduate,Dropout,0.5482625482625483,0.0,0.4517374517374517
1,6,1,20,7,6,"1,47143E+16",7,6,132,Enrolled,Enrolled,0.0,1.0,0.0
1,10,1,20,6,6,"1,25714E+16",6,6,"1,32857E+16",Graduate,Graduate,0.0,0.0,1.0
9,15,1,21,6,6,125,6,6,115,Graduate,Graduate,0.0,0.0,1.0
8,14,1,18,6,6,140,6,5,140,Graduate,Graduate,0.0,0.0,1.0
8,16,1,18,7,7,"1,15714E+16",7,6,"1,31667E+16",Dropout,Dropout,1.0,0.0,0.0
1,5,1,18,6,6,"1,58333E+16",6,6,"1,53333E+16",Graduate,Graduate,0.0,0.0,1.0
1,12,1,18,8,8,1425,8,8,1425,Graduate,Graduate,0.0,0.0,1.0
14,14,1,19,6,0,0,6,0,0,Dropout,Dropout,1.0,0.0,0.0
8,11,1,20,6,6,"1,16667E+16",6,6,110,Dropout,Dropout,1.0,0.0,0.0
12,10,1,47,6,0,0,5,0,0,Dropout,Dropout,1.0,0.0,0.0
14,8,1,21,5,5,132,5,2,125,Enrolled,Enrolled,0.0,1.0,0.0
12,8,1,31,6,2,120,6,1,100,Dropout,Dropout,1.0,0.0,0.0
12,7,1,46,5,0,0,5,0,0,Dropout,Dropout,1.0,0.0,0.0
1,7,1,18,5,4,120,5,2,110,Enrolled,Enrolled,0.0,1.0,0.0
8,7,1,19,5,3,"1,33333E+16",5,4,1075,Dropout,Dropout,1.0,0.0,0.0
16,13,1,23,7,5,"1,24143E+16",7,2,135,Enrolled,Enrolled,0.0,1.0,0.0
15,8,0,22,5,0,0,5,0,0,Dropout,Dropout,1.0,0.0,0.0
1,9,1,19,5,5,138,5,5,124,Graduate,Graduate,0.0,0.0,1.0
1,9,0,19,5,0,0,5,0,0,Dropout,Dropout,1.0,0.0,0.0
8,9,0,22,5,4,115,5,4,140,Enrolled,Enrolled,0.0,1.0,0.0
12,8,0,29,5,0,0,5,0,0,Dropout,Dropout,1.0,0.0,0.0
1,12,1,18,7,6,"1,40167E+16",7,6,"1,40167E+16",Graduate,Graduate,0.0,0.0,1.0
1,10,1,18,6,5,114,6,5,108,Graduate,Enrolled,0.0,1.0,0.0
1,2,0,23,0,0,0,0,0,0,Dropout,Dropout,1.0,0.0,0.0
12,17,1,34,5,5,104,5,5,120,Graduate,Graduate,0.0,0.0,1.0
8,9,1,19,5,3,"1,06667E+16",5,4,1025,Graduate,Graduate,0.0,0.0,1.0
1,6,1,18,5,4,1425,5,5,"1,27143E+16",Enrolled,Enrolled,0.0,1.0,0.0
8,12,1,20,7,7,"1,39143E+16",8,8,1410625,Graduate,Graduate,0.0,0.0,1.0
1,12,1,19,7,7,"1,37611E+16",8,7,1282375,Graduate,Graduate,0.0,0.0,1.0
3,16,1,22,6,5,126,6,4,1125,Enrolled,Dropout,1.0,0.0,0.0
1,10,1,23,6,6,"1,38571E+16",6,6,"1,41667E+16",Graduate,Graduate,0.0,0.0,1.0
12,12,1,34,8,7,"1,38429E+16",8,7,"1,38429E+16",Graduate,Graduate,0.0,0.0,1.0
8,7,0,18,5,0,0,5,0,0,Enrolled,Enrolled,0.0,1.0,0.0
1,15,1,21,6,5,118,6,0,0,Dropout,Dropout,1.0,0.0,0.0
1,10,1,22,6,6,"1,26667E+16",6,6,"1,38333E+16",Dropout,Graduate,0.0,0.0,1.0
12,4,1,28,6,0,0,6,0,0,Dropout,Dropout,1.0,0.0,0.0
3,7,1,23,5,0,0,5,0,0,Dropout,Dropout,1.0,0.0,0.0
1,15,1,20,6,4,1075,6,2,100,Dropout,Dropout,1.0,0.0,0.0
9,7,1,18,5,5,126,5,3,1325,Dropout,Dropout,1.0,0.0,0.0
12,9,0,28,5,0,0,5,0,0,Dropout,Dropout,1.0,0.0,0.0
15,5,1,21,7,2,120,9,7,"1,21429E+16",Dropout,Enrolled,0.0,1.0,0.0
12,14,0,25,6,3,140,6,2,145,Dropout,Dropout,1.0,0.0,0.0
15,6,0,19,6,6,140,6,6,135,Dropout,Graduate,0.0,0.0,1.0
1,12,1,18,7,7,"1,46829E+16",8,8,"1,50556E+16",Graduate,Graduate,0.0,0.0,1.0
12,7,1,29,3,0,0,5,0,0,Dropout,Dropout,1.0,0.0,0.0
12,7,1,29,5,0,0,5,0,0,Dropout,Dropout,1.0,0.0,0.0
9,11,1,20,6,6,"1,38571E+16",6,5,128,Graduate,Dropout,1.0,0.0,0.0
1,2,1,18,0,0,0,0,0,0,Graduate,Enrolled,0.18377458955775774,0.6143321993787901,0.20189321106345218
1,11,1,20,6,6,"1,31429E+16",6,6,125,Graduate,Graduate,0.0,0.0,1.0
12,7,1,33,5,1,180,5,2,130,Dropout,Dropout,1.0,0.0,0.0
13,17,1,30,15,13,"1,14615E+16",11,10,"1,15833E+16",Graduate,Graduate,0.0,0.0,1.0
1,13,1,21,7,5,112,8,6,"1,15833E+16",Enrolled,Enrolled,0.0,1.0,0.0
1,4,1,18,6,5,150,6,4,145,Graduate,Graduate,0.0,0.0,1.0
1,12,1,19,7,7,"1,42444E+16",8,8,"1,22333E+16",Graduate,Graduate,0.0,0.0,1.0
8,5,1,21,6,4,115,6,5,110,Dropout,Dropout,1.0,0.0,0.0
12,13,1,25,7,2,100,7,0,0,Dropout,Dropout,1.0,0.0,0.0
1,14,1,19,5,3,"1,23333E+16",5,5,116,Graduate,Graduate,0.0,0.0,1.0
15,5,1,23,7,5,122,9,7,"1,21429E+16",Dropout,Enrolled,0.0,1.0,0.0
8,5,1,19,6,6,"1,36667E+16",6,5,132,Graduate,Graduate,0.0,0.0,1.0
1,2,1,19,0,0,0,0,0,0,Graduate,Dropout,0.5482625482625483,0.0,0.4517374517374517
12,4,0,31,6,1,110,6,0,0,Dropout,Dropout,1.0,0.0,0.0
12,4,0,32,6,3,130,10,6,"1,14286E+16",Dropout,Dropout,1.0,0.0,0.0
7,12,1,19,8,7,"1,26E+16",8,7,"1,26E+16",Graduate,Graduate,0.0,0.0,1.0
13,15,1,34,10,10,122,10,9,"1,23333E+16",Graduate,Enrolled,0.0,1.0,0.0
7,15,1,21,6,6,"1,31667E+16",6,6,130,Graduate,Graduate,0.0,0.0,1.0
14,10,1,53,7,6,110,7,7,110,Graduate,Graduate,0.0,0.0,1.0
1,12,1,19,7,7,"1,40143E+16",8,8,1535,Graduate,Graduate,0.0,0.0,1.0
1,15,1,20,6,4,130,6,4,1125,Graduate,Graduate,0.0,0.0,1.0
1,15,1,18,6,6,140,6,6,"1,46667E+16",Graduate,Graduate,0.0,0.0,1.0
12,2,0,32,0,0,0,0,0,0,Dropout,Dropout,1.0,0.0,0.0
14,12,1,21,8,7,"1,44286E+16",8,7,"1,44286E+16",Graduate,Graduate,0.0,0.0,1.0
4,3,0,26,5,0,0,5,0,0,Dropout,Dropout,1.0,0.0,0.0
13,6,1,26,18,18,"1,18333E+16",13,13,"1,24615E+16",Graduate,Graduate,0.0,0.0,1.0
15,17,0,21,5,3,"1,13333E+16",5,1,130,Dropout,Dropout,1.0,0.0,0.0
8,15,1,18,6,6,125,6,6,130,Graduate,Graduate,0.0,0.0,1.0
14,5,1,21,12,12,"1,33333E+16",12,11,"1,25455E+16",Graduate,Graduate,0.0,0.0,1.0
1,11,1,21,6,6,"1,08333E+16",6,4,110,Enrolled,Enrolled,0.0,1.0,0.0
8,14,1,19,6,6,130,6,6,140,Graduate,Graduate,0.0,0.0,1.0
8,9,1,19,5,2,100,5,2,140,Dropout,Dropout,1.0,0.0,0.0
14,10,1,19,6,6,"1,14286E+16",6,5,112,Graduate,Graduate,0.0,0.0,1.0
4,12,1,27,8,8,128875,8,8,128875,Graduate,Graduate,0.0,0.0,1.0
1,12,1,18,7,6,1295,7,6,1295,Graduate,Graduate,0.0,0.0,1.0
1,9,1,20,5,1,100,5,0,0,Dropout,Dropout,1.0,0.0,0.0
1,12,1,19,7,7,"1,30943E+16",8,8,1255,Graduate,Graduate,0.0,0.0,1.0
1,14,1,20,6,0,0,6,0,0,Dropout,Dropout,1.0,0.0,0.0
8,10,1,19,6,5,"1,17143E+16",6,6,110,Graduate,Graduate,0.0,0.0,1.0
8,10,1,20,6,4,1125,6,3,100,Enrolled,Enrolled,0.0,1.0,0.0
1,2,1,20,0,0,0,0,0,0,Dropout,Graduate,0.47651006711409394,0.0,0.5234899328859061
1,16,1,18,6,6,"1,31667E+16",6,6,"1,33333E+16",Graduate,Graduate,0.0,0.0,1.0
1,6,1,20,5,4,1275,5,5,134,Graduate,Graduate,0.0,0.0,1.0
12,17,0,38,5,5,106,5,2,110,Dropout,Dropout,1.0,0.0,0.0
12,3,1,42,6,5,112,6,6,120,Graduate,Graduate,0.0,0.0,1.0
12,12,1,32,7,0,0,8,0,0,Dropout,Dropout,1.0,0.0,0.0
6,15,1,22,6,6,130,6,6,"1,36667E+16",Graduate,Graduate,0.0,0.0,1.0
12,17,1,28,5,0,0,5,0,0,Dropout,Dropout,1.0,0.0,0.0
12,3,1,37,6,0,0,6,0,0,Dropout,Dropout,1.0,0.0,0.0
15,4,1,43,6,6,"1,41667E+16",6,6,150,Graduate,Graduate,0.0,0.0,1.0
12,3,1,41,6,5,"1,28333E+16",6,6,"1,23333E+16",Graduate,Graduate,0.0,0.0,1.0
12,3,1,29,6,4,1175,6,5,104,Graduate,Graduate,0.0,0.0,1.0
12,3,1,35,6,6,"1,08333E+16",6,6,115,Graduate,Graduate,0.0,0.0,1.0
8,10,1,18,6,4,1175,6,4,1225,Dropout,Dropout,1.0,0.0,0.0
12,12,0,39,7,3,115,7,2,105,Dropout,Dropout,1.0,0.0,0.0
12,17,1,37,5,2,100,5,3,"1,13333E+16",Enrolled,Enrolled,0.0,1.0,0.0
12,12,1,26,7,6,137,7,6,137,Graduate,Graduate,0.0,0.0,1.0
4,6,1,32,5,1,140,5,0,0,Dropout,Dropout,1.0,0.0,0.0
12,3,1,37,8,7,11375,7,6,"1,21667E+16",Enrolled,Enrolled,0.0,1.0,0.0
12,6,1,28,6,0,0,6,0,0,Enrolled,Enrolled,0.0,1.0,0.0
1,10,1,19,6,0,0,6,0,0,Dropout,Dropout,1.0,0.0,0.0
1,9,1,18,5,1,110,5,2,125,Enrolled,Enrolled,0.0,1.0,0.0
1,16,1,19,7,6,130,7,7,"1,32857E+16",Graduate,Graduate,0.0,0.0,1.0
4,14,1,32,11,8,136,8,8,"1,51111E+15",Graduate,Graduate,0.0,0.0,1.0
12,9,1,31,5,3,110,5,2,115,Dropout,Dropout,1.0,0.0,0.0
12,12,1,34,8,7,"1,17057E+16",8,7,"1,17057E+16",Enrolled,Enrolled,0.0,1.0,0.0
1,2,1,20,12,12,1325,11,11,"1,43333E+16",Graduate,Graduate,0.0,0.0,1.0
12,12,1,28,7,1,1075,7,1,100,Dropout,Dropout,1.0,0.0,0.0
15,17,1,31,6,6,120,7,7,"1,34286E+16",Enrolled,Enrolled,0.0,1.0,0.0
1,15,1,18,6,6,"1,26667E+16",6,4,1225,Enrolled,Enrolled,0.0,1.0,0.0
12,3,0,31,6,5,114,6,3,110,Dropout,Dropout,1.0,0.0,0.0
1,15,1,19,6,6,130,6,5,124,Graduate,Graduate,0.0,0.0,1.0
1,10,1,19,6,6,140,6,6,"1,22857E+16",Graduate,Graduate,0.0,0.0,1.0
12,10,1,31,6,0,0,5,0,0,Enrolled,Enrolled,0.0,1.0,0.0
4,6,1,34,6,0,0,6,0,0,Dropout,Dropout,1.0,0.0,0.0
7,13,1,18,7,7,"1,52857E+16",8,8,16075,Graduate,Graduate,0.0,0.0,1.0
8,11,1,18,6,6,"1,31667E+16",6,6,"1,26667E+16",Graduate,Graduate,0.0,0.0,1.0
1,9,1,19,5,5,136,5,5,"1,28333E+16",Graduate,Graduate,0.0,0.0,1.0
8,15,0,22,4,0,0,4,0,0,Dropout,Dropout,1.0,0.0,0.0
14,14,1,32,10,10,114,9,4,115,Graduate,Graduate,0.0,0.0,1.0
12,9,1,61,5,0,0,5,0,0,Dropout,Dropout,1.0,0.0,0.0
12,17,1,30,5,5,110,5,5,116,Graduate,Graduate,0.0,0.0,1.0
12,17,0,45,5,0,0,5,0,0,Dropout,Dropout,1.0,0.0,0.0
15,4,1,20,6,6,"1,35714E+16",6,6,"1,26667E+16",Graduate,Graduate,0.0,0.0,1.0
9,12,1,19,7,0,0,8,0,0,Dropout,Dropout,1.0,0.0,0.0
13,7,1,26,10,4,1125,11,4,120,Dropout,Dropout,1.0,0.0,0.0
8,14,1,19,5,3,"1,33333E+16",5,1,110,Dropout,Dropout,1.0,0.0,0.0
8,15,1,19,6,6,120,6,6,"1,16667E+16",Graduate,Graduate,0.0,0.0,1.0
1,15,1,19,6,6,125,6,5,130,Graduate,Graduate,0.0,0.0,1.0
1,9,1,19,5,5,132,5,5,"1,26667E+16",Graduate,Graduate,0.0,0.0,1.0
1,14,0,19,5,0,0,4,0,0,Dropout,Dropout,1.0,0.0,0.0
12,14,0,28,5,3,"1,16667E+16",5,2,115,Dropout,Dropout,1.0,0.0,0.0
14,9,1,24,15,15,"1,34667E+16",14,14,"1,36429E+16",Graduate,Graduate,0.0,0.0,1.0
1,8,1,18,5,3,"1,36667E+16",5,5,132,Graduate,Dropout,1.0,0.0,0.0
1,7,1,18,5,2,"1,16667E+16",5,2,125,Enrolled,Enrolled,0.0,1.0,0.0
1,15,1,18,6,6,"1,16667E+16",6,5,102,Graduate,Graduate,0.0,0.0,1.0
15,4,1,21,6,5,134,6,5,124,Graduate,Graduate,0.0,0.0,1.0
12,17,0,28,5,0,0,5,0,0,Dropout,Dropout,1.0,0.0,0.0
12,4,1,58,6,0,0,6,0,0,Dropout,Dropout,1.0,0.0,0.0
12,17,0,49,5,0,0,5,0,0,Dropout,Dropout,1.0,0.0,0.0
12,7,1,24,5,3,"1,06667E+16",5,2,105,Enrolled,Enrolled,0.0,1.0,0.0
14,14,1,25,5,4,1375,5,4,1475,Graduate,Graduate,0.0,0.0,1.0
13,9,1,33,5,1,100,5,0,0,Dropout,Dropout,1.0,0.0,0.0
12,7,0,33,5,0,0,5,0,0,Dropout,Dropout,1.0,0.0,0.0
14,16,1,40,2,1,160,4,4,155,Graduate,Graduate,0.0,0.0,1.0
12,17,1,48,5,5,"1,22857E+16",5,5,11125,Graduate,Graduate,0.0,0.0,1.0
8,7,0,18,5,3,120,5,3,"1,03333E+16",Enrolled,Enrolled,0.0,1.0,0.0
12,12,1,24,7,6,"1,26667E+16",7,6,"1,26667E+16",Graduate,Enrolled,0.0,1.0,0.0
1,6,1,23,5,5,118,5,4,1325,Graduate,Graduate,0.0,0.0,1.0
12,17,0,39,5,5,106,5,5,"1,46667E+16",Dropout,Dropout,1.0,0.0,0.0
9,4,1,21,11,9,119,9,8,1225,Graduate,Graduate,0.0,0.0,1.0
13,7,1,34,6,4,1125,5,2,105,Dropout,Dropout,1.0,0.0,0.0
12,17,1,41,5,4,110,5,5,114,Enrolled,Graduate,0.0,0.0,1.0
1,15,1,18,6,6,120,6,6,125,Graduate,Graduate,0.0,0.0,1.0
12,17,1,34,5,4,1175,5,4,"1,08333E+16",Enrolled,Enrolled,0.0,1.0,0.0
1,9,1,19,5,2,100,5,1,160,Dropout,Enrolled,0.0,1.0,0.0
1,12,1,19,8,7,"1,37143E+16",8,7,"1,37143E+16",Graduate,Graduate,0.0,0.0,1.0
4,4,1,28,6,6,14875,6,6,158,Graduate,Graduate,0.0,0.0,1.0
8,5,1,18,6,5,108,6,0,0,Dropout,Dropout,1.0,0.0,0.0
1,10,1,19,6,3,120,6,2,100,Dropout,Dropout,1.0,0.0,0.0
8,6,0,19,6,5,125,6,2,135,Dropout,Dropout,1.0,0.0,0.0
8,12,1,18,7,7,"1,47286E+16",8,8,"1,63273E+16",Graduate,Graduate,0.0,0.0,1.0
1,8,1,18,6,6,120,6,5,148,Graduate,Graduate,0.0,0.0,1.0
1,15,1,18,6,6,"1,14286E+16",6,6,110,Dropout,Dropout,1.0,0.0,0.0
15,10,1,19,6,6,"1,41667E+16",6,6,135,Graduate,Graduate,0.0,0.0,1.0
4,10,1,31,6,5,125,6,5,146,Graduate,Graduate,0.0,0.0,1.0
12,3,1,33,6,6,"1,41667E+16",6,6,"1,43333E+16",Graduate,Graduate,0.0,0.0,1.0
1,12,1,20,7,5,1446,7,6,1355,Enrolled,Enrolled,0.0,1.0,0.0
15,6,1,22,6,5,128,6,2,115,Enrolled,Enrolled,0.0,1.0,0.0
8,11,1,19,6,6,"1,26667E+16",6,5,134,Graduate,Graduate,0.0,0.0,1.0
1,5,1,18,6,6,125,6,6,130,Dropout,Graduate,0.0,0.0,1.0
